# Kusanagi launcher symbols (":" search): emoji from Unicode emoji-test 12.0, symbols from Python unicodedata. Unicode License v3.
😀	grinning face	face smiling smileys  emotion
😃	grinning face with big eyes	face smiling smileys  emotion
😄	grinning face with smiling eyes	face smiling smileys  emotion
😁	beaming face with smiling eyes	face smiling smileys  emotion
😆	grinning squinting face	face smiling smileys  emotion
😅	grinning face with sweat	face smiling smileys  emotion
🤣	rolling on the floor laughing	face smiling smileys  emotion
😂	face with tears of joy	face smiling smileys  emotion
🙂	slightly smiling face	face smiling smileys  emotion
🙃	upside-down face	face smiling smileys  emotion
😉	winking face	face smiling smileys  emotion
😊	smiling face with smiling eyes	face smiling smileys  emotion
😇	smiling face with halo	face smiling smileys  emotion
🥰	smiling face with hearts	face affection smileys  emotion
😍	smiling face with heart-eyes	face affection smileys  emotion
🤩	star-struck	face affection smileys  emotion
😘	face blowing a kiss	face affection smileys  emotion
😗	kissing face	face affection smileys  emotion
☺️	smiling face	face affection smileys  emotion
😚	kissing face with closed eyes	face affection smileys  emotion
😙	kissing face with smiling eyes	face affection smileys  emotion
😋	face savoring food	face tongue smileys  emotion
😛	face with tongue	face tongue smileys  emotion
😜	winking face with tongue	face tongue smileys  emotion
🤪	zany face	face tongue smileys  emotion
😝	squinting face with tongue	face tongue smileys  emotion
🤑	money-mouth face	face tongue smileys  emotion
🤗	hugging face	face hand smileys  emotion
🤭	face with hand over mouth	face hand smileys  emotion
🤫	shushing face	face hand smileys  emotion
🤔	thinking face	face hand smileys  emotion
🤐	zipper-mouth face	face neutral skeptical smileys  emotion
🤨	face with raised eyebrow	face neutral skeptical smileys  emotion
😐	neutral face	face neutral skeptical smileys  emotion
😑	expressionless face	face neutral skeptical smileys  emotion
😶	face without mouth	face neutral skeptical smileys  emotion
😏	smirking face	face neutral skeptical smileys  emotion
😒	unamused face	face neutral skeptical smileys  emotion
🙄	face with rolling eyes	face neutral skeptical smileys  emotion
😬	grimacing face	face neutral skeptical smileys  emotion
🤥	lying face	face neutral skeptical smileys  emotion
😌	relieved face	face sleepy smileys  emotion
😔	pensive face	face sleepy smileys  emotion
😪	sleepy face	face sleepy smileys  emotion
🤤	drooling face	face sleepy smileys  emotion
😴	sleeping face	face sleepy smileys  emotion
😷	face with medical mask	face unwell smileys  emotion
🤒	face with thermometer	face unwell smileys  emotion
🤕	face with head-bandage	face unwell smileys  emotion
🤢	nauseated face	face unwell smileys  emotion
🤮	face vomiting	face unwell smileys  emotion
🤧	sneezing face	face unwell smileys  emotion
🥵	hot face	face unwell smileys  emotion
🥶	cold face	face unwell smileys  emotion
🥴	woozy face	face unwell smileys  emotion
😵	dizzy face	face unwell smileys  emotion
🤯	exploding head	face unwell smileys  emotion
🤠	cowboy hat face	face hat smileys  emotion
🥳	partying face	face hat smileys  emotion
😎	smiling face with sunglasses	face glasses smileys  emotion
🤓	nerd face	face glasses smileys  emotion
🧐	face with monocle	face glasses smileys  emotion
😕	confused face	face concerned smileys  emotion
😟	worried face	face concerned smileys  emotion
🙁	slightly frowning face	face concerned smileys  emotion
☹️	frowning face	face concerned smileys  emotion
😮	face with open mouth	face concerned smileys  emotion
😯	hushed face	face concerned smileys  emotion
😲	astonished face	face concerned smileys  emotion
😳	flushed face	face concerned smileys  emotion
🥺	pleading face	face concerned smileys  emotion
😦	frowning face with open mouth	face concerned smileys  emotion
😧	anguished face	face concerned smileys  emotion
😨	fearful face	face concerned smileys  emotion
😰	anxious face with sweat	face concerned smileys  emotion
😥	sad but relieved face	face concerned smileys  emotion
😢	crying face	face concerned smileys  emotion
😭	loudly crying face	face concerned smileys  emotion
😱	face screaming in fear	face concerned smileys  emotion
😖	confounded face	face concerned smileys  emotion
😣	persevering face	face concerned smileys  emotion
😞	disappointed face	face concerned smileys  emotion
😓	downcast face with sweat	face concerned smileys  emotion
😩	weary face	face concerned smileys  emotion
😫	tired face	face concerned smileys  emotion
🥱	yawning face	face concerned smileys  emotion
😤	face with steam from nose	face negative smileys  emotion
😡	pouting face	face negative smileys  emotion
😠	angry face	face negative smileys  emotion
🤬	face with symbols on mouth	face negative smileys  emotion
😈	smiling face with horns	face negative smileys  emotion
👿	angry face with horns	face negative smileys  emotion
💀	skull	face negative smileys  emotion
☠️	skull and crossbones	face negative smileys  emotion
💩	pile of poo	face costume smileys  emotion
🤡	clown face	face costume smileys  emotion
👹	ogre	face costume smileys  emotion
👺	goblin	face costume smileys  emotion
👻	ghost	face costume smileys  emotion
👽	alien	face costume smileys  emotion
👾	alien monster	face costume smileys  emotion
🤖	robot	face costume smileys  emotion
😺	grinning cat	cat face smileys  emotion
😸	grinning cat with smiling eyes	cat face smileys  emotion
😹	cat with tears of joy	cat face smileys  emotion
😻	smiling cat with heart-eyes	cat face smileys  emotion
😼	cat with wry smile	cat face smileys  emotion
😽	kissing cat	cat face smileys  emotion
🙀	weary cat	cat face smileys  emotion
😿	crying cat	cat face smileys  emotion
😾	pouting cat	cat face smileys  emotion
🙈	see-no-evil monkey	monkey face smileys  emotion
🙉	hear-no-evil monkey	monkey face smileys  emotion
🙊	speak-no-evil monkey	monkey face smileys  emotion
💋	kiss mark	emotion smileys  emotion
💌	love letter	emotion smileys  emotion
💘	heart with arrow	emotion smileys  emotion
💝	heart with ribbon	emotion smileys  emotion
💖	sparkling heart	emotion smileys  emotion
💗	growing heart	emotion smileys  emotion
💓	beating heart	emotion smileys  emotion
💞	revolving hearts	emotion smileys  emotion
💕	two hearts	emotion smileys  emotion
💟	heart decoration	emotion smileys  emotion
❣️	heart exclamation	emotion smileys  emotion
💔	broken heart	emotion smileys  emotion
❤️	red heart	emotion smileys  emotion
🧡	orange heart	emotion smileys  emotion
💛	yellow heart	emotion smileys  emotion
💚	green heart	emotion smileys  emotion
💙	blue heart	emotion smileys  emotion
💜	purple heart	emotion smileys  emotion
🤎	brown heart	emotion smileys  emotion
🖤	black heart	emotion smileys  emotion
🤍	white heart	emotion smileys  emotion
💯	hundred points	emotion smileys  emotion
💢	anger symbol	emotion smileys  emotion
💥	collision	emotion smileys  emotion
💫	dizzy	emotion smileys  emotion
💦	sweat droplets	emotion smileys  emotion
💨	dashing away	emotion smileys  emotion
🕳️	hole	emotion smileys  emotion
💣	bomb	emotion smileys  emotion
💬	speech balloon	emotion smileys  emotion
👁️‍🗨️	eye in speech bubble	emotion smileys  emotion
🗨️	left speech bubble	emotion smileys  emotion
🗯️	right anger bubble	emotion smileys  emotion
💭	thought balloon	emotion smileys  emotion
💤	zzz	emotion smileys  emotion
👋	waving hand	hand fingers open people  body
🤚	raised back of hand	hand fingers open people  body
🖐️	hand with fingers splayed	hand fingers open people  body
✋	raised hand	hand fingers open people  body
🖖	vulcan salute	hand fingers open people  body
👌	OK hand	hand fingers partial people  body
🤏	pinching hand	hand fingers partial people  body
✌️	victory hand	hand fingers partial people  body
🤞	crossed fingers	hand fingers partial people  body
🤟	love-you gesture	hand fingers partial people  body
🤘	sign of the horns	hand fingers partial people  body
🤙	call me hand	hand fingers partial people  body
👈	backhand index pointing left	hand single finger people  body
👉	backhand index pointing right	hand single finger people  body
👆	backhand index pointing up	hand single finger people  body
🖕	middle finger	hand single finger people  body
👇	backhand index pointing down	hand single finger people  body
☝️	index pointing up	hand single finger people  body
👍	thumbs up	hand fingers closed people  body
👎	thumbs down	hand fingers closed people  body
✊	raised fist	hand fingers closed people  body
👊	oncoming fist	hand fingers closed people  body
🤛	left-facing fist	hand fingers closed people  body
🤜	right-facing fist	hand fingers closed people  body
👏	clapping hands	hands people  body
🙌	raising hands	hands people  body
👐	open hands	hands people  body
🤲	palms up together	hands people  body
🤝	handshake	hands people  body
🙏	folded hands	hands people  body
✍️	writing hand	hand prop people  body
💅	nail polish	hand prop people  body
🤳	selfie	hand prop people  body
💪	flexed biceps	body parts people  body
🦾	mechanical arm	body parts people  body
🦿	mechanical leg	body parts people  body
🦵	leg	body parts people  body
🦶	foot	body parts people  body
👂	ear	body parts people  body
🦻	ear with hearing aid	body parts people  body
👃	nose	body parts people  body
🧠	brain	body parts people  body
🦷	tooth	body parts people  body
🦴	bone	body parts people  body
👀	eyes	body parts people  body
👁️	eye	body parts people  body
👅	tongue	body parts people  body
👄	mouth	body parts people  body
👶	baby	person people  body
🧒	child	person people  body
👦	boy	person people  body
👧	girl	person people  body
🧑	person	person people  body
👱	person: blond hair	person people  body
👨	man	person people  body
🧔	man: beard	person people  body
👱‍♂️	man: blond hair	person people  body
👨‍🦰	man: red hair	person people  body
👨‍🦱	man: curly hair	person people  body
👨‍🦳	man: white hair	person people  body
👨‍🦲	man: bald	person people  body
👩	woman	person people  body
👱‍♀️	woman: blond hair	person people  body
👩‍🦰	woman: red hair	person people  body
👩‍🦱	woman: curly hair	person people  body
👩‍🦳	woman: white hair	person people  body
👩‍🦲	woman: bald	person people  body
🧓	older person	person people  body
👴	old man	person people  body
👵	old woman	person people  body
🙍	person frowning	person gesture people  body
🙍‍♂️	man frowning	person gesture people  body
🙍‍♀️	woman frowning	person gesture people  body
🙎	person pouting	person gesture people  body
🙎‍♂️	man pouting	person gesture people  body
🙎‍♀️	woman pouting	person gesture people  body
🙅	person gesturing NO	person gesture people  body
🙅‍♂️	man gesturing NO	person gesture people  body
🙅‍♀️	woman gesturing NO	person gesture people  body
🙆	person gesturing OK	person gesture people  body
🙆‍♂️	man gesturing OK	person gesture people  body
🙆‍♀️	woman gesturing OK	person gesture people  body
💁	person tipping hand	person gesture people  body
💁‍♂️	man tipping hand	person gesture people  body
💁‍♀️	woman tipping hand	person gesture people  body
🙋	person raising hand	person gesture people  body
🙋‍♂️	man raising hand	person gesture people  body
🙋‍♀️	woman raising hand	person gesture people  body
🧏	deaf person	person gesture people  body
🧏‍♂️	deaf man	person gesture people  body
🧏‍♀️	deaf woman	person gesture people  body
🙇	person bowing	person gesture people  body
🙇‍♂️	man bowing	person gesture people  body
🙇‍♀️	woman bowing	person gesture people  body
🤦	person facepalming	person gesture people  body
🤦‍♂️	man facepalming	person gesture people  body
🤦‍♀️	woman facepalming	person gesture people  body
🤷	person shrugging	person gesture people  body
🤷‍♂️	man shrugging	person gesture people  body
🤷‍♀️	woman shrugging	person gesture people  body
👨‍⚕️	man health worker	person role people  body
👩‍⚕️	woman health worker	person role people  body
👨‍🎓	man student	person role people  body
👩‍🎓	woman student	person role people  body
👨‍🏫	man teacher	person role people  body
👩‍🏫	woman teacher	person role people  body
👨‍⚖️	man judge	person role people  body
👩‍⚖️	woman judge	person role people  body
👨‍🌾	man farmer	person role people  body
👩‍🌾	woman farmer	person role people  body
👨‍🍳	man cook	person role people  body
👩‍🍳	woman cook	person role people  body
👨‍🔧	man mechanic	person role people  body
👩‍🔧	woman mechanic	person role people  body
👨‍🏭	man factory worker	person role people  body
👩‍🏭	woman factory worker	person role people  body
👨‍💼	man office worker	person role people  body
👩‍💼	woman office worker	person role people  body
👨‍🔬	man scientist	person role people  body
👩‍🔬	woman scientist	person role people  body
👨‍💻	man technologist	person role people  body
👩‍💻	woman technologist	person role people  body
👨‍🎤	man singer	person role people  body
👩‍🎤	woman singer	person role people  body
👨‍🎨	man artist	person role people  body
👩‍🎨	woman artist	person role people  body
👨‍✈️	man pilot	person role people  body
👩‍✈️	woman pilot	person role people  body
👨‍🚀	man astronaut	person role people  body
👩‍🚀	woman astronaut	person role people  body
👨‍🚒	man firefighter	person role people  body
👩‍🚒	woman firefighter	person role people  body
👮	police officer	person role people  body
👮‍♂️	man police officer	person role people  body
👮‍♀️	woman police officer	person role people  body
🕵️	detective	person role people  body
🕵️‍♂️	man detective	person role people  body
🕵️‍♀️	woman detective	person role people  body
💂	guard	person role people  body
💂‍♂️	man guard	person role people  body
💂‍♀️	woman guard	person role people  body
👷	construction worker	person role people  body
👷‍♂️	man construction worker	person role people  body
👷‍♀️	woman construction worker	person role people  body
🤴	prince	person role people  body
👸	princess	person role people  body
👳	person wearing turban	person role people  body
👳‍♂️	man wearing turban	person role people  body
👳‍♀️	woman wearing turban	person role people  body
👲	man with Chinese cap	person role people  body
🧕	woman with headscarf	person role people  body
🤵	man in tuxedo	person role people  body
👰	bride with veil	person role people  body
🤰	pregnant woman	person role people  body
🤱	breast-feeding	person role people  body
👼	baby angel	person fantasy people  body
🎅	Santa Claus	person fantasy people  body
🤶	Mrs. Claus	person fantasy people  body
🦸	superhero	person fantasy people  body
🦸‍♂️	man superhero	person fantasy people  body
🦸‍♀️	woman superhero	person fantasy people  body
🦹	supervillain	person fantasy people  body
🦹‍♂️	man supervillain	person fantasy people  body
🦹‍♀️	woman supervillain	person fantasy people  body
🧙	mage	person fantasy people  body
🧙‍♂️	man mage	person fantasy people  body
🧙‍♀️	woman mage	person fantasy people  body
🧚	fairy	person fantasy people  body
🧚‍♂️	man fairy	person fantasy people  body
🧚‍♀️	woman fairy	person fantasy people  body
🧛	vampire	person fantasy people  body
🧛‍♂️	man vampire	person fantasy people  body
🧛‍♀️	woman vampire	person fantasy people  body
🧜	merperson	person fantasy people  body
🧜‍♂️	merman	person fantasy people  body
🧜‍♀️	mermaid	person fantasy people  body
🧝	elf	person fantasy people  body
🧝‍♂️	man elf	person fantasy people  body
🧝‍♀️	woman elf	person fantasy people  body
🧞	genie	person fantasy people  body
🧞‍♂️	man genie	person fantasy people  body
🧞‍♀️	woman genie	person fantasy people  body
🧟	zombie	person fantasy people  body
🧟‍♂️	man zombie	person fantasy people  body
🧟‍♀️	woman zombie	person fantasy people  body
💆	person getting massage	person activity people  body
💆‍♂️	man getting massage	person activity people  body
💆‍♀️	woman getting massage	person activity people  body
💇	person getting haircut	person activity people  body
💇‍♂️	man getting haircut	person activity people  body
💇‍♀️	woman getting haircut	person activity people  body
🚶	person walking	person activity people  body
🚶‍♂️	man walking	person activity people  body
🚶‍♀️	woman walking	person activity people  body
🧍	person standing	person activity people  body
🧍‍♂️	man standing	person activity people  body
🧍‍♀️	woman standing	person activity people  body
🧎	person kneeling	person activity people  body
🧎‍♂️	man kneeling	person activity people  body
🧎‍♀️	woman kneeling	person activity people  body
👨‍🦯	man with probing cane	person activity people  body
👩‍🦯	woman with probing cane	person activity people  body
👨‍🦼	man in motorized wheelchair	person activity people  body
👩‍🦼	woman in motorized wheelchair	person activity people  body
👨‍🦽	man in manual wheelchair	person activity people  body
👩‍🦽	woman in manual wheelchair	person activity people  body
🏃	person running	person activity people  body
🏃‍♂️	man running	person activity people  body
🏃‍♀️	woman running	person activity people  body
💃	woman dancing	person activity people  body
🕺	man dancing	person activity people  body
🕴️	man in suit levitating	person activity people  body
👯	people with bunny ears	person activity people  body
👯‍♂️	men with bunny ears	person activity people  body
👯‍♀️	women with bunny ears	person activity people  body
🧖	person in steamy room	person activity people  body
🧖‍♂️	man in steamy room	person activity people  body
🧖‍♀️	woman in steamy room	person activity people  body
🧗	person climbing	person activity people  body
🧗‍♂️	man climbing	person activity people  body
🧗‍♀️	woman climbing	person activity people  body
🤺	person fencing	person sport people  body
🏇	horse racing	person sport people  body
⛷️	skier	person sport people  body
🏂	snowboarder	person sport people  body
🏌️	person golfing	person sport people  body
🏌️‍♂️	man golfing	person sport people  body
🏌️‍♀️	woman golfing	person sport people  body
🏄	person surfing	person sport people  body
🏄‍♂️	man surfing	person sport people  body
🏄‍♀️	woman surfing	person sport people  body
🚣	person rowing boat	person sport people  body
🚣‍♂️	man rowing boat	person sport people  body
🚣‍♀️	woman rowing boat	person sport people  body
🏊	person swimming	person sport people  body
🏊‍♂️	man swimming	person sport people  body
🏊‍♀️	woman swimming	person sport people  body
⛹️	person bouncing ball	person sport people  body
⛹️‍♂️	man bouncing ball	person sport people  body
⛹️‍♀️	woman bouncing ball	person sport people  body
🏋️	person lifting weights	person sport people  body
🏋️‍♂️	man lifting weights	person sport people  body
🏋️‍♀️	woman lifting weights	person sport people  body
🚴	person biking	person sport people  body
🚴‍♂️	man biking	person sport people  body
🚴‍♀️	woman biking	person sport people  body
🚵	person mountain biking	person sport people  body
🚵‍♂️	man mountain biking	person sport people  body
🚵‍♀️	woman mountain biking	person sport people  body
🤸	person cartwheeling	person sport people  body
🤸‍♂️	man cartwheeling	person sport people  body
🤸‍♀️	woman cartwheeling	person sport people  body
🤼	people wrestling	person sport people  body
🤼‍♂️	men wrestling	person sport people  body
🤼‍♀️	women wrestling	person sport people  body
🤽	person playing water polo	person sport people  body
🤽‍♂️	man playing water polo	person sport people  body
🤽‍♀️	woman playing water polo	person sport people  body
🤾	person playing handball	person sport people  body
🤾‍♂️	man playing handball	person sport people  body
🤾‍♀️	woman playing handball	person sport people  body
🤹	person juggling	person sport people  body
🤹‍♂️	man juggling	person sport people  body
🤹‍♀️	woman juggling	person sport people  body
🧘	person in lotus position	person resting people  body
🧘‍♂️	man in lotus position	person resting people  body
🧘‍♀️	woman in lotus position	person resting people  body
🛀	person taking bath	person resting people  body
🛌	person in bed	person resting people  body
🧑‍🤝‍🧑	people holding hands	family people  body
👭	women holding hands	family people  body
👫	woman and man holding hands	family people  body
👬	men holding hands	family people  body
💏	kiss	family people  body
👩‍❤️‍💋‍👨	kiss: woman, man	family people  body
👨‍❤️‍💋‍👨	kiss: man, man	family people  body
👩‍❤️‍💋‍👩	kiss: woman, woman	family people  body
💑	couple with heart	family people  body
👩‍❤️‍👨	couple with heart: woman, man	family people  body
👨‍❤️‍👨	couple with heart: man, man	family people  body
👩‍❤️‍👩	couple with heart: woman, woman	family people  body
👪	family	family people  body
👨‍👩‍👦	family: man, woman, boy	family people  body
👨‍👩‍👧	family: man, woman, girl	family people  body
👨‍👩‍👧‍👦	family: man, woman, girl, boy	family people  body
👨‍👩‍👦‍👦	family: man, woman, boy, boy	family people  body
👨‍👩‍👧‍👧	family: man, woman, girl, girl	family people  body
👨‍👨‍👦	family: man, man, boy	family people  body
👨‍👨‍👧	family: man, man, girl	family people  body
👨‍👨‍👧‍👦	family: man, man, girl, boy	family people  body
👨‍👨‍👦‍👦	family: man, man, boy, boy	family people  body
👨‍👨‍👧‍👧	family: man, man, girl, girl	family people  body
👩‍👩‍👦	family: woman, woman, boy	family people  body
👩‍👩‍👧	family: woman, woman, girl	family people  body
👩‍👩‍👧‍👦	family: woman, woman, girl, boy	family people  body
👩‍👩‍👦‍👦	family: woman, woman, boy, boy	family people  body
👩‍👩‍👧‍👧	family: woman, woman, girl, girl	family people  body
👨‍👦	family: man, boy	family people  body
👨‍👦‍👦	family: man, boy, boy	family people  body
👨‍👧	family: man, girl	family people  body
👨‍👧‍👦	family: man, girl, boy	family people  body
👨‍👧‍👧	family: man, girl, girl	family people  body
👩‍👦	family: woman, boy	family people  body
👩‍👦‍👦	family: woman, boy, boy	family people  body
👩‍👧	family: woman, girl	family people  body
👩‍👧‍👦	family: woman, girl, boy	family people  body
👩‍👧‍👧	family: woman, girl, girl	family people  body
🗣️	speaking head	person symbol people  body
👤	bust in silhouette	person symbol people  body
👥	busts in silhouette	person symbol people  body
👣	footprints	person symbol people  body
🐵	monkey face	animal mammal animals  nature
🐒	monkey	animal mammal animals  nature
🦍	gorilla	animal mammal animals  nature
🦧	orangutan	animal mammal animals  nature
🐶	dog face	animal mammal animals  nature
🐕	dog	animal mammal animals  nature
🦮	guide dog	animal mammal animals  nature
🐕‍🦺	service dog	animal mammal animals  nature
🐩	poodle	animal mammal animals  nature
🐺	wolf	animal mammal animals  nature
🦊	fox	animal mammal animals  nature
🦝	raccoon	animal mammal animals  nature
🐱	cat face	animal mammal animals  nature
🐈	cat	animal mammal animals  nature
🦁	lion	animal mammal animals  nature
🐯	tiger face	animal mammal animals  nature
🐅	tiger	animal mammal animals  nature
🐆	leopard	animal mammal animals  nature
🐴	horse face	animal mammal animals  nature
🐎	horse	animal mammal animals  nature
🦄	unicorn	animal mammal animals  nature
🦓	zebra	animal mammal animals  nature
🦌	deer	animal mammal animals  nature
🐮	cow face	animal mammal animals  nature
🐂	ox	animal mammal animals  nature
🐃	water buffalo	animal mammal animals  nature
🐄	cow	animal mammal animals  nature
🐷	pig face	animal mammal animals  nature
🐖	pig	animal mammal animals  nature
🐗	boar	animal mammal animals  nature
🐽	pig nose	animal mammal animals  nature
🐏	ram	animal mammal animals  nature
🐑	ewe	animal mammal animals  nature
🐐	goat	animal mammal animals  nature
🐪	camel	animal mammal animals  nature
🐫	two-hump camel	animal mammal animals  nature
🦙	llama	animal mammal animals  nature
🦒	giraffe	animal mammal animals  nature
🐘	elephant	animal mammal animals  nature
🦏	rhinoceros	animal mammal animals  nature
🦛	hippopotamus	animal mammal animals  nature
🐭	mouse face	animal mammal animals  nature
🐁	mouse	animal mammal animals  nature
🐀	rat	animal mammal animals  nature
🐹	hamster	animal mammal animals  nature
🐰	rabbit face	animal mammal animals  nature
🐇	rabbit	animal mammal animals  nature
🐿️	chipmunk	animal mammal animals  nature
🦔	hedgehog	animal mammal animals  nature
🦇	bat	animal mammal animals  nature
🐻	bear	animal mammal animals  nature
🐨	koala	animal mammal animals  nature
🐼	panda	animal mammal animals  nature
🦥	sloth	animal mammal animals  nature
🦦	otter	animal mammal animals  nature
🦨	skunk	animal mammal animals  nature
🦘	kangaroo	animal mammal animals  nature
🦡	badger	animal mammal animals  nature
🐾	paw prints	animal mammal animals  nature
🦃	turkey	animal bird animals  nature
🐔	chicken	animal bird animals  nature
🐓	rooster	animal bird animals  nature
🐣	hatching chick	animal bird animals  nature
🐤	baby chick	animal bird animals  nature
🐥	front-facing baby chick	animal bird animals  nature
🐦	bird	animal bird animals  nature
🐧	penguin	animal bird animals  nature
🕊️	dove	animal bird animals  nature
🦅	eagle	animal bird animals  nature
🦆	duck	animal bird animals  nature
🦢	swan	animal bird animals  nature
🦉	owl	animal bird animals  nature
🦩	flamingo	animal bird animals  nature
🦚	peacock	animal bird animals  nature
🦜	parrot	animal bird animals  nature
🐸	frog	animal amphibian animals  nature
🐊	crocodile	animal reptile animals  nature
🐢	turtle	animal reptile animals  nature
🦎	lizard	animal reptile animals  nature
🐍	snake	animal reptile animals  nature
🐲	dragon face	animal reptile animals  nature
🐉	dragon	animal reptile animals  nature
🦕	sauropod	animal reptile animals  nature
🦖	T-Rex	animal reptile animals  nature
🐳	spouting whale	animal marine animals  nature
🐋	whale	animal marine animals  nature
🐬	dolphin	animal marine animals  nature
🐟	fish	animal marine animals  nature
🐠	tropical fish	animal marine animals  nature
🐡	blowfish	animal marine animals  nature
🦈	shark	animal marine animals  nature
🐙	octopus	animal marine animals  nature
🐚	spiral shell	animal marine animals  nature
🐌	snail	animal bug animals  nature
🦋	butterfly	animal bug animals  nature
🐛	bug	animal bug animals  nature
🐜	ant	animal bug animals  nature
🐝	honeybee	animal bug animals  nature
🐞	lady beetle	animal bug animals  nature
🦗	cricket	animal bug animals  nature
🕷️	spider	animal bug animals  nature
🕸️	spider web	animal bug animals  nature
🦂	scorpion	animal bug animals  nature
🦟	mosquito	animal bug animals  nature
🦠	microbe	animal bug animals  nature
💐	bouquet	plant flower animals  nature
🌸	cherry blossom	plant flower animals  nature
💮	white flower	plant flower animals  nature
🏵️	rosette	plant flower animals  nature
🌹	rose	plant flower animals  nature
🥀	wilted flower	plant flower animals  nature
🌺	hibiscus	plant flower animals  nature
🌻	sunflower	plant flower animals  nature
🌼	blossom	plant flower animals  nature
🌷	tulip	plant flower animals  nature
🌱	seedling	plant other animals  nature
🌲	evergreen tree	plant other animals  nature
🌳	deciduous tree	plant other animals  nature
🌴	palm tree	plant other animals  nature
🌵	cactus	plant other animals  nature
🌾	sheaf of rice	plant other animals  nature
🌿	herb	plant other animals  nature
☘️	shamrock	plant other animals  nature
🍀	four leaf clover	plant other animals  nature
🍁	maple leaf	plant other animals  nature
🍂	fallen leaf	plant other animals  nature
🍃	leaf fluttering in wind	plant other animals  nature
🍇	grapes	food fruit food  drink
🍈	melon	food fruit food  drink
🍉	watermelon	food fruit food  drink
🍊	tangerine	food fruit food  drink
🍋	lemon	food fruit food  drink
🍌	banana	food fruit food  drink
🍍	pineapple	food fruit food  drink
🥭	mango	food fruit food  drink
🍎	red apple	food fruit food  drink
🍏	green apple	food fruit food  drink
🍐	pear	food fruit food  drink
🍑	peach	food fruit food  drink
🍒	cherries	food fruit food  drink
🍓	strawberry	food fruit food  drink
🥝	kiwi fruit	food fruit food  drink
🍅	tomato	food fruit food  drink
🥥	coconut	food fruit food  drink
🥑	avocado	food vegetable food  drink
🍆	eggplant	food vegetable food  drink
🥔	potato	food vegetable food  drink
🥕	carrot	food vegetable food  drink
🌽	ear of corn	food vegetable food  drink
🌶️	hot pepper	food vegetable food  drink
🥒	cucumber	food vegetable food  drink
🥬	leafy green	food vegetable food  drink
🥦	broccoli	food vegetable food  drink
🧄	garlic	food vegetable food  drink
🧅	onion	food vegetable food  drink
🍄	mushroom	food vegetable food  drink
🥜	peanuts	food vegetable food  drink
🌰	chestnut	food vegetable food  drink
🍞	bread	food prepared food  drink
🥐	croissant	food prepared food  drink
🥖	baguette bread	food prepared food  drink
🥨	pretzel	food prepared food  drink
🥯	bagel	food prepared food  drink
🥞	pancakes	food prepared food  drink
🧇	waffle	food prepared food  drink
🧀	cheese wedge	food prepared food  drink
🍖	meat on bone	food prepared food  drink
🍗	poultry leg	food prepared food  drink
🥩	cut of meat	food prepared food  drink
🥓	bacon	food prepared food  drink
🍔	hamburger	food prepared food  drink
🍟	french fries	food prepared food  drink
🍕	pizza	food prepared food  drink
🌭	hot dog	food prepared food  drink
🥪	sandwich	food prepared food  drink
🌮	taco	food prepared food  drink
🌯	burrito	food prepared food  drink
🥙	stuffed flatbread	food prepared food  drink
🧆	falafel	food prepared food  drink
🥚	egg	food prepared food  drink
🍳	cooking	food prepared food  drink
🥘	shallow pan of food	food prepared food  drink
🍲	pot of food	food prepared food  drink
🥣	bowl with spoon	food prepared food  drink
🥗	green salad	food prepared food  drink
🍿	popcorn	food prepared food  drink
🧈	butter	food prepared food  drink
🧂	salt	food prepared food  drink
🥫	canned food	food prepared food  drink
🍱	bento box	food asian food  drink
🍘	rice cracker	food asian food  drink
🍙	rice ball	food asian food  drink
🍚	cooked rice	food asian food  drink
🍛	curry rice	food asian food  drink
🍜	steaming bowl	food asian food  drink
🍝	spaghetti	food asian food  drink
🍠	roasted sweet potato	food asian food  drink
🍢	oden	food asian food  drink
🍣	sushi	food asian food  drink
🍤	fried shrimp	food asian food  drink
🍥	fish cake with swirl	food asian food  drink
🥮	moon cake	food asian food  drink
🍡	dango	food asian food  drink
🥟	dumpling	food asian food  drink
🥠	fortune cookie	food asian food  drink
🥡	takeout box	food asian food  drink
🦀	crab	food marine food  drink
🦞	lobster	food marine food  drink
🦐	shrimp	food marine food  drink
🦑	squid	food marine food  drink
🦪	oyster	food marine food  drink
🍦	soft ice cream	food sweet food  drink
🍧	shaved ice	food sweet food  drink
🍨	ice cream	food sweet food  drink
🍩	doughnut	food sweet food  drink
🍪	cookie	food sweet food  drink
🎂	birthday cake	food sweet food  drink
🍰	shortcake	food sweet food  drink
🧁	cupcake	food sweet food  drink
🥧	pie	food sweet food  drink
🍫	chocolate bar	food sweet food  drink
🍬	candy	food sweet food  drink
🍭	lollipop	food sweet food  drink
🍮	custard	food sweet food  drink
🍯	honey pot	food sweet food  drink
🍼	baby bottle	drink food  drink
🥛	glass of milk	drink food  drink
☕	hot beverage	drink food  drink
🍵	teacup without handle	drink food  drink
🍶	sake	drink food  drink
🍾	bottle with popping cork	drink food  drink
🍷	wine glass	drink food  drink
🍸	cocktail glass	drink food  drink
🍹	tropical drink	drink food  drink
🍺	beer mug	drink food  drink
🍻	clinking beer mugs	drink food  drink
🥂	clinking glasses	drink food  drink
🥃	tumbler glass	drink food  drink
🥤	cup with straw	drink food  drink
🧃	beverage box	drink food  drink
🧉	mate	drink food  drink
🧊	ice cube	drink food  drink
🥢	chopsticks	dishware food  drink
🍽️	fork and knife with plate	dishware food  drink
🍴	fork and knife	dishware food  drink
🥄	spoon	dishware food  drink
🔪	kitchen knife	dishware food  drink
🏺	amphora	dishware food  drink
🌍	globe showing Europe-Africa	place map travel  places
🌎	globe showing Americas	place map travel  places
🌏	globe showing Asia-Australia	place map travel  places
🌐	globe with meridians	place map travel  places
🗺️	world map	place map travel  places
🗾	map of Japan	place map travel  places
🧭	compass	place map travel  places
🏔️	snow-capped mountain	place geographic travel  places
⛰️	mountain	place geographic travel  places
🌋	volcano	place geographic travel  places
🗻	mount fuji	place geographic travel  places
🏕️	camping	place geographic travel  places
🏖️	beach with umbrella	place geographic travel  places
🏜️	desert	place geographic travel  places
🏝️	desert island	place geographic travel  places
🏞️	national park	place geographic travel  places
🏟️	stadium	place building travel  places
🏛️	classical building	place building travel  places
🏗️	building construction	place building travel  places
🧱	brick	place building travel  places
🏘️	houses	place building travel  places
🏚️	derelict house	place building travel  places
🏠	house	place building travel  places
🏡	house with garden	place building travel  places
🏢	office building	place building travel  places
🏣	Japanese post office	place building travel  places
🏤	post office	place building travel  places
🏥	hospital	place building travel  places
🏦	bank	place building travel  places
🏨	hotel	place building travel  places
🏩	love hotel	place building travel  places
🏪	convenience store	place building travel  places
🏫	school	place building travel  places
🏬	department store	place building travel  places
🏭	factory	place building travel  places
🏯	Japanese castle	place building travel  places
🏰	castle	place building travel  places
💒	wedding	place building travel  places
🗼	Tokyo tower	place building travel  places
🗽	Statue of Liberty	place building travel  places
⛪	church	place religious travel  places
🕌	mosque	place religious travel  places
🛕	hindu temple	place religious travel  places
🕍	synagogue	place religious travel  places
⛩️	shinto shrine	place religious travel  places
🕋	kaaba	place religious travel  places
⛲	fountain	place other travel  places
⛺	tent	place other travel  places
🌁	foggy	place other travel  places
🌃	night with stars	place other travel  places
🏙️	cityscape	place other travel  places
🌄	sunrise over mountains	place other travel  places
🌅	sunrise	place other travel  places
🌆	cityscape at dusk	place other travel  places
🌇	sunset	place other travel  places
🌉	bridge at night	place other travel  places
♨️	hot springs	place other travel  places
🎠	carousel horse	place other travel  places
🎡	ferris wheel	place other travel  places
🎢	roller coaster	place other travel  places
💈	barber pole	place other travel  places
🎪	circus tent	place other travel  places
🚂	locomotive	transport ground travel  places
🚃	railway car	transport ground travel  places
🚄	high-speed train	transport ground travel  places
🚅	bullet train	transport ground travel  places
🚆	train	transport ground travel  places
🚇	metro	transport ground travel  places
🚈	light rail	transport ground travel  places
🚉	station	transport ground travel  places
🚊	tram	transport ground travel  places
🚝	monorail	transport ground travel  places
🚞	mountain railway	transport ground travel  places
🚋	tram car	transport ground travel  places
🚌	bus	transport ground travel  places
🚍	oncoming bus	transport ground travel  places
🚎	trolleybus	transport ground travel  places
🚐	minibus	transport ground travel  places
🚑	ambulance	transport ground travel  places
🚒	fire engine	transport ground travel  places
🚓	police car	transport ground travel  places
🚔	oncoming police car	transport ground travel  places
🚕	taxi	transport ground travel  places
🚖	oncoming taxi	transport ground travel  places
🚗	automobile	transport ground travel  places
🚘	oncoming automobile	transport ground travel  places
🚙	sport utility vehicle	transport ground travel  places
🚚	delivery truck	transport ground travel  places
🚛	articulated lorry	transport ground travel  places
🚜	tractor	transport ground travel  places
🏎️	racing car	transport ground travel  places
🏍️	motorcycle	transport ground travel  places
🛵	motor scooter	transport ground travel  places
🦽	manual wheelchair	transport ground travel  places
🦼	motorized wheelchair	transport ground travel  places
🛺	auto rickshaw	transport ground travel  places
🚲	bicycle	transport ground travel  places
🛴	kick scooter	transport ground travel  places
🛹	skateboard	transport ground travel  places
🚏	bus stop	transport ground travel  places
🛣️	motorway	transport ground travel  places
🛤️	railway track	transport ground travel  places
🛢️	oil drum	transport ground travel  places
⛽	fuel pump	transport ground travel  places
🚨	police car light	transport ground travel  places
🚥	horizontal traffic light	transport ground travel  places
🚦	vertical traffic light	transport ground travel  places
🛑	stop sign	transport ground travel  places
🚧	construction	transport ground travel  places
⚓	anchor	transport water travel  places
⛵	sailboat	transport water travel  places
🛶	canoe	transport water travel  places
🚤	speedboat	transport water travel  places
🛳️	passenger ship	transport water travel  places
⛴️	ferry	transport water travel  places
🛥️	motor boat	transport water travel  places
🚢	ship	transport water travel  places
✈️	airplane	transport air travel  places
🛩️	small airplane	transport air travel  places
🛫	airplane departure	transport air travel  places
🛬	airplane arrival	transport air travel  places
🪂	parachute	transport air travel  places
💺	seat	transport air travel  places
🚁	helicopter	transport air travel  places
🚟	suspension railway	transport air travel  places
🚠	mountain cableway	transport air travel  places
🚡	aerial tramway	transport air travel  places
🛰️	satellite	transport air travel  places
🚀	rocket	transport air travel  places
🛸	flying saucer	transport air travel  places
🛎️	bellhop bell	hotel travel  places
🧳	luggage	hotel travel  places
⌛	hourglass done	time travel  places
⏳	hourglass not done	time travel  places
⌚	watch	time travel  places
⏰	alarm clock	time travel  places
⏱️	stopwatch	time travel  places
⏲️	timer clock	time travel  places
🕰️	mantelpiece clock	time travel  places
🕛	twelve o’clock	time travel  places
🕧	twelve-thirty	time travel  places
🕐	one o’clock	time travel  places
🕜	one-thirty	time travel  places
🕑	two o’clock	time travel  places
🕝	two-thirty	time travel  places
🕒	three o’clock	time travel  places
🕞	three-thirty	time travel  places
🕓	four o’clock	time travel  places
🕟	four-thirty	time travel  places
🕔	five o’clock	time travel  places
🕠	five-thirty	time travel  places
🕕	six o’clock	time travel  places
🕡	six-thirty	time travel  places
🕖	seven o’clock	time travel  places
🕢	seven-thirty	time travel  places
🕗	eight o’clock	time travel  places
🕣	eight-thirty	time travel  places
🕘	nine o’clock	time travel  places
🕤	nine-thirty	time travel  places
🕙	ten o’clock	time travel  places
🕥	ten-thirty	time travel  places
🕚	eleven o’clock	time travel  places
🕦	eleven-thirty	time travel  places
🌑	new moon	sky & weather travel  places
🌒	waxing crescent moon	sky & weather travel  places
🌓	first quarter moon	sky & weather travel  places
🌔	waxing gibbous moon	sky & weather travel  places
🌕	full moon	sky & weather travel  places
🌖	waning gibbous moon	sky & weather travel  places
🌗	last quarter moon	sky & weather travel  places
🌘	waning crescent moon	sky & weather travel  places
🌙	crescent moon	sky & weather travel  places
🌚	new moon face	sky & weather travel  places
🌛	first quarter moon face	sky & weather travel  places
🌜	last quarter moon face	sky & weather travel  places
🌡️	thermometer	sky & weather travel  places
☀️	sun	sky & weather travel  places
🌝	full moon face	sky & weather travel  places
🌞	sun with face	sky & weather travel  places
🪐	ringed planet	sky & weather travel  places
⭐	star	sky & weather travel  places
🌟	glowing star	sky & weather travel  places
🌠	shooting star	sky & weather travel  places
🌌	milky way	sky & weather travel  places
☁️	cloud	sky & weather travel  places
⛅	sun behind cloud	sky & weather travel  places
⛈️	cloud with lightning and rain	sky & weather travel  places
🌤️	sun behind small cloud	sky & weather travel  places
🌥️	sun behind large cloud	sky & weather travel  places
🌦️	sun behind rain cloud	sky & weather travel  places
🌧️	cloud with rain	sky & weather travel  places
🌨️	cloud with snow	sky & weather travel  places
🌩️	cloud with lightning	sky & weather travel  places
🌪️	tornado	sky & weather travel  places
🌫️	fog	sky & weather travel  places
🌬️	wind face	sky & weather travel  places
🌀	cyclone	sky & weather travel  places
🌈	rainbow	sky & weather travel  places
🌂	closed umbrella	sky & weather travel  places
☂️	umbrella	sky & weather travel  places
☔	umbrella with rain drops	sky & weather travel  places
⛱️	umbrella on ground	sky & weather travel  places
⚡	high voltage	sky & weather travel  places
❄️	snowflake	sky & weather travel  places
☃️	snowman	sky & weather travel  places
⛄	snowman without snow	sky & weather travel  places
☄️	comet	sky & weather travel  places
🔥	fire	sky & weather travel  places
💧	droplet	sky & weather travel  places
🌊	water wave	sky & weather travel  places
🎃	jack-o-lantern	event activities
🎄	Christmas tree	event activities
🎆	fireworks	event activities
🎇	sparkler	event activities
🧨	firecracker	event activities
✨	sparkles	event activities
🎈	balloon	event activities
🎉	party popper	event activities
🎊	confetti ball	event activities
🎋	tanabata tree	event activities
🎍	pine decoration	event activities
🎎	Japanese dolls	event activities
🎏	carp streamer	event activities
🎐	wind chime	event activities
🎑	moon viewing ceremony	event activities
🧧	red envelope	event activities
🎀	ribbon	event activities
🎁	wrapped gift	event activities
🎗️	reminder ribbon	event activities
🎟️	admission tickets	event activities
🎫	ticket	event activities
🎖️	military medal	award medal activities
🏆	trophy	award medal activities
🏅	sports medal	award medal activities
🥇	1st place medal	award medal activities
🥈	2nd place medal	award medal activities
🥉	3rd place medal	award medal activities
⚽	soccer ball	sport activities
⚾	baseball	sport activities
🥎	softball	sport activities
🏀	basketball	sport activities
🏐	volleyball	sport activities
🏈	american football	sport activities
🏉	rugby football	sport activities
🎾	tennis	sport activities
🥏	flying disc	sport activities
🎳	bowling	sport activities
🏏	cricket game	sport activities
🏑	field hockey	sport activities
🏒	ice hockey	sport activities
🥍	lacrosse	sport activities
🏓	ping pong	sport activities
🏸	badminton	sport activities
🥊	boxing glove	sport activities
🥋	martial arts uniform	sport activities
🥅	goal net	sport activities
⛳	flag in hole	sport activities
⛸️	ice skate	sport activities
🎣	fishing pole	sport activities
🤿	diving mask	sport activities
🎽	running shirt	sport activities
🎿	skis	sport activities
🛷	sled	sport activities
🥌	curling stone	sport activities
🎯	direct hit	game activities
🪀	yo-yo	game activities
🪁	kite	game activities
🎱	pool 8 ball	game activities
🔮	crystal ball	game activities
🧿	nazar amulet	game activities
🎮	video game	game activities
🕹️	joystick	game activities
🎰	slot machine	game activities
🎲	game die	game activities
🧩	puzzle piece	game activities
🧸	teddy bear	game activities
♠️	spade suit	game activities
♥️	heart suit	game activities
♦️	diamond suit	game activities
♣️	club suit	game activities
♟️	chess pawn	game activities
🃏	joker	game activities
🀄	mahjong red dragon	game activities
🎴	flower playing cards	game activities
🎭	performing arts	arts & crafts activities
🖼️	framed picture	arts & crafts activities
🎨	artist palette	arts & crafts activities
🧵	thread	arts & crafts activities
🧶	yarn	arts & crafts activities
👓	glasses	clothing objects
🕶️	sunglasses	clothing objects
🥽	goggles	clothing objects
🥼	lab coat	clothing objects
🦺	safety vest	clothing objects
👔	necktie	clothing objects
👕	t-shirt	clothing objects
👖	jeans	clothing objects
🧣	scarf	clothing objects
🧤	gloves	clothing objects
🧥	coat	clothing objects
🧦	socks	clothing objects
👗	dress	clothing objects
👘	kimono	clothing objects
🥻	sari	clothing objects
🩱	one-piece swimsuit	clothing objects
🩲	swim brief	clothing objects
🩳	shorts	clothing objects
👙	bikini	clothing objects
👚	woman’s clothes	clothing objects
👛	purse	clothing objects
👜	handbag	clothing objects
👝	clutch bag	clothing objects
🛍️	shopping bags	clothing objects
🎒	backpack	clothing objects
👞	man’s shoe	clothing objects
👟	running shoe	clothing objects
🥾	hiking boot	clothing objects
🥿	flat shoe	clothing objects
👠	high-heeled shoe	clothing objects
👡	woman’s sandal	clothing objects
🩰	ballet shoes	clothing objects
👢	woman’s boot	clothing objects
👑	crown	clothing objects
👒	woman’s hat	clothing objects
🎩	top hat	clothing objects
🎓	graduation cap	clothing objects
🧢	billed cap	clothing objects
⛑️	rescue worker’s helmet	clothing objects
📿	prayer beads	clothing objects
💄	lipstick	clothing objects
💍	ring	clothing objects
💎	gem stone	clothing objects
🔇	muted speaker	sound objects
🔈	speaker low volume	sound objects
🔉	speaker medium volume	sound objects
🔊	speaker high volume	sound objects
📢	loudspeaker	sound objects
📣	megaphone	sound objects
📯	postal horn	sound objects
🔔	bell	sound objects
🔕	bell with slash	sound objects
🎼	musical score	music objects
🎵	musical note	music objects
🎶	musical notes	music objects
🎙️	studio microphone	music objects
🎚️	level slider	music objects
🎛️	control knobs	music objects
🎤	microphone	music objects
🎧	headphone	music objects
📻	radio	music objects
🎷	saxophone	musical instrument objects
🎸	guitar	musical instrument objects
🎹	musical keyboard	musical instrument objects
🎺	trumpet	musical instrument objects
🎻	violin	musical instrument objects
🪕	banjo	musical instrument objects
🥁	drum	musical instrument objects
📱	mobile phone	phone objects
📲	mobile phone with arrow	phone objects
☎️	telephone	phone objects
📞	telephone receiver	phone objects
📟	pager	phone objects
📠	fax machine	phone objects
🔋	battery	computer objects
🔌	electric plug	computer objects
💻	laptop computer	computer objects
🖥️	desktop computer	computer objects
🖨️	printer	computer objects
⌨️	keyboard	computer objects
🖱️	computer mouse	computer objects
🖲️	trackball	computer objects
💽	computer disk	computer objects
💾	floppy disk	computer objects
💿	optical disk	computer objects
📀	dvd	computer objects
🧮	abacus	computer objects
🎥	movie camera	light & video objects
🎞️	film frames	light & video objects
📽️	film projector	light & video objects
🎬	clapper board	light & video objects
📺	television	light & video objects
📷	camera	light & video objects
📸	camera with flash	light & video objects
📹	video camera	light & video objects
📼	videocassette	light & video objects
🔍	magnifying glass tilted left	light & video objects
🔎	magnifying glass tilted right	light & video objects
🕯️	candle	light & video objects
💡	light bulb	light & video objects
🔦	flashlight	light & video objects
🏮	red paper lantern	light & video objects
🪔	diya lamp	light & video objects
📔	notebook with decorative cover	book paper objects
📕	closed book	book paper objects
📖	open book	book paper objects
📗	green book	book paper objects
📘	blue book	book paper objects
📙	orange book	book paper objects
📚	books	book paper objects
📓	notebook	book paper objects
📒	ledger	book paper objects
📃	page with curl	book paper objects
📜	scroll	book paper objects
📄	page facing up	book paper objects
📰	newspaper	book paper objects
🗞️	rolled-up newspaper	book paper objects
📑	bookmark tabs	book paper objects
🔖	bookmark	book paper objects
🏷️	label	book paper objects
💰	money bag	money objects
💴	yen banknote	money objects
💵	dollar banknote	money objects
💶	euro banknote	money objects
💷	pound banknote	money objects
💸	money with wings	money objects
💳	credit card	money objects
🧾	receipt	money objects
💹	chart increasing with yen	money objects
💱	currency exchange	money objects
💲	heavy dollar sign	money objects
✉️	envelope	mail objects
📧	e-mail	mail objects
📨	incoming envelope	mail objects
📩	envelope with arrow	mail objects
📤	outbox tray	mail objects
📥	inbox tray	mail objects
📦	package	mail objects
📫	closed mailbox with raised flag	mail objects
📪	closed mailbox with lowered flag	mail objects
📬	open mailbox with raised flag	mail objects
📭	open mailbox with lowered flag	mail objects
📮	postbox	mail objects
🗳️	ballot box with ballot	mail objects
✏️	pencil	writing objects
✒️	black nib	writing objects
🖋️	fountain pen	writing objects
🖊️	pen	writing objects
🖌️	paintbrush	writing objects
🖍️	crayon	writing objects
📝	memo	writing objects
💼	briefcase	office objects
📁	file folder	office objects
📂	open file folder	office objects
🗂️	card index dividers	office objects
📅	calendar	office objects
📆	tear-off calendar	office objects
🗒️	spiral notepad	office objects
🗓️	spiral calendar	office objects
📇	card index	office objects
📈	chart increasing	office objects
📉	chart decreasing	office objects
📊	bar chart	office objects
📋	clipboard	office objects
📌	pushpin	office objects
📍	round pushpin	office objects
📎	paperclip	office objects
🖇️	linked paperclips	office objects
📏	straight ruler	office objects
📐	triangular ruler	office objects
✂️	scissors	office objects
🗃️	card file box	office objects
🗄️	file cabinet	office objects
🗑️	wastebasket	office objects
🔒	locked	lock objects
🔓	unlocked	lock objects
🔏	locked with pen	lock objects
🔐	locked with key	lock objects
🔑	key	lock objects
🗝️	old key	lock objects
🔨	hammer	tool objects
🪓	axe	tool objects
⛏️	pick	tool objects
⚒️	hammer and pick	tool objects
🛠️	hammer and wrench	tool objects
🗡️	dagger	tool objects
⚔️	crossed swords	tool objects
🔫	pistol	tool objects
🏹	bow and arrow	tool objects
🛡️	shield	tool objects
🔧	wrench	tool objects
🔩	nut and bolt	tool objects
⚙️	gear	tool objects
🗜️	clamp	tool objects
⚖️	balance scale	tool objects
🦯	probing cane	tool objects
🔗	link	tool objects
⛓️	chains	tool objects
🧰	toolbox	tool objects
🧲	magnet	tool objects
⚗️	alembic	science objects
🧪	test tube	science objects
🧫	petri dish	science objects
🧬	dna	science objects
🔬	microscope	science objects
🔭	telescope	science objects
📡	satellite antenna	science objects
💉	syringe	medical objects
🩸	drop of blood	medical objects
💊	pill	medical objects
🩹	adhesive bandage	medical objects
🩺	stethoscope	medical objects
🚪	door	household objects
🛏️	bed	household objects
🛋️	couch and lamp	household objects
🪑	chair	household objects
🚽	toilet	household objects
🚿	shower	household objects
🛁	bathtub	household objects
🪒	razor	household objects
🧴	lotion bottle	household objects
🧷	safety pin	household objects
🧹	broom	household objects
🧺	basket	household objects
🧻	roll of paper	household objects
🧼	soap	household objects
🧽	sponge	household objects
🧯	fire extinguisher	household objects
🛒	shopping cart	household objects
🚬	cigarette	other object objects
⚰️	coffin	other object objects
⚱️	funeral urn	other object objects
🗿	moai	other object objects
🏧	ATM sign	transport sign symbols
🚮	litter in bin sign	transport sign symbols
🚰	potable water	transport sign symbols
♿	wheelchair symbol	transport sign symbols
🚹	men’s room	transport sign symbols
🚺	women’s room	transport sign symbols
🚻	restroom	transport sign symbols
🚼	baby symbol	transport sign symbols
🚾	water closet	transport sign symbols
🛂	passport control	transport sign symbols
🛃	customs	transport sign symbols
🛄	baggage claim	transport sign symbols
🛅	left luggage	transport sign symbols
⚠️	warning	warning symbols
🚸	children crossing	warning symbols
⛔	no entry	warning symbols
🚫	prohibited	warning symbols
🚳	no bicycles	warning symbols
🚭	no smoking	warning symbols
🚯	no littering	warning symbols
🚱	non-potable water	warning symbols
🚷	no pedestrians	warning symbols
📵	no mobile phones	warning symbols
🔞	no one under eighteen	warning symbols
☢️	radioactive	warning symbols
☣️	biohazard	warning symbols
⬆️	up arrow	arrow symbols
↗️	up-right arrow	arrow symbols
➡️	right arrow	arrow symbols
↘️	down-right arrow	arrow symbols
⬇️	down arrow	arrow symbols
↙️	down-left arrow	arrow symbols
⬅️	left arrow	arrow symbols
↖️	up-left arrow	arrow symbols
↕️	up-down arrow	arrow symbols
↔️	left-right arrow	arrow symbols
↩️	right arrow curving left	arrow symbols
↪️	left arrow curving right	arrow symbols
⤴️	right arrow curving up	arrow symbols
⤵️	right arrow curving down	arrow symbols
🔃	clockwise vertical arrows	arrow symbols
🔄	counterclockwise arrows button	arrow symbols
🔙	BACK arrow	arrow symbols
🔚	END arrow	arrow symbols
🔛	ON! arrow	arrow symbols
🔜	SOON arrow	arrow symbols
🔝	TOP arrow	arrow symbols
🛐	place of worship	religion symbols
⚛️	atom symbol	religion symbols
🕉️	om	religion symbols
✡️	star of David	religion symbols
☸️	wheel of dharma	religion symbols
☯️	yin yang	religion symbols
✝️	latin cross	religion symbols
☦️	orthodox cross	religion symbols
☪️	star and crescent	religion symbols
☮️	peace symbol	religion symbols
🕎	menorah	religion symbols
🔯	dotted six-pointed star	religion symbols
♈	Aries	zodiac symbols
♉	Taurus	zodiac symbols
♊	Gemini	zodiac symbols
♋	Cancer	zodiac symbols
♌	Leo	zodiac symbols
♍	Virgo	zodiac symbols
♎	Libra	zodiac symbols
♏	Scorpio	zodiac symbols
♐	Sagittarius	zodiac symbols
♑	Capricorn	zodiac symbols
♒	Aquarius	zodiac symbols
♓	Pisces	zodiac symbols
⛎	Ophiuchus	zodiac symbols
🔀	shuffle tracks button	av symbol symbols
🔁	repeat button	av symbol symbols
🔂	repeat single button	av symbol symbols
▶️	play button	av symbol symbols
⏩	fast-forward button	av symbol symbols
⏭️	next track button	av symbol symbols
⏯️	play or pause button	av symbol symbols
◀️	reverse button	av symbol symbols
⏪	fast reverse button	av symbol symbols
⏮️	last track button	av symbol symbols
🔼	upwards button	av symbol symbols
⏫	fast up button	av symbol symbols
🔽	downwards button	av symbol symbols
⏬	fast down button	av symbol symbols
⏸️	pause button	av symbol symbols
⏹️	stop button	av symbol symbols
⏺️	record button	av symbol symbols
⏏️	eject button	av symbol symbols
🎦	cinema	av symbol symbols
🔅	dim button	av symbol symbols
🔆	bright button	av symbol symbols
📶	antenna bars	av symbol symbols
📳	vibration mode	av symbol symbols
📴	mobile phone off	av symbol symbols
♀️	female sign	gender symbols
♂️	male sign	gender symbols
⚕️	medical symbol	other symbol symbols
♾️	infinity	other symbol symbols
♻️	recycling symbol	other symbol symbols
⚜️	fleur-de-lis	other symbol symbols
🔱	trident emblem	other symbol symbols
📛	name badge	other symbol symbols
🔰	Japanese symbol for beginner	other symbol symbols
⭕	hollow red circle	other symbol symbols
✅	check mark button	other symbol symbols
☑️	check box with check	other symbol symbols
✔️	check mark	other symbol symbols
✖️	multiplication sign	other symbol symbols
❌	cross mark	other symbol symbols
❎	cross mark button	other symbol symbols
➕	plus sign	other symbol symbols
➖	minus sign	other symbol symbols
➗	division sign	other symbol symbols
➰	curly loop	other symbol symbols
➿	double curly loop	other symbol symbols
〽️	part alternation mark	other symbol symbols
✳️	eight-spoked asterisk	other symbol symbols
✴️	eight-pointed star	other symbol symbols
❇️	sparkle	other symbol symbols
‼️	double exclamation mark	other symbol symbols
⁉️	exclamation question mark	other symbol symbols
❓	question mark	other symbol symbols
❔	white question mark	other symbol symbols
❕	white exclamation mark	other symbol symbols
❗	exclamation mark	other symbol symbols
〰️	wavy dash	other symbol symbols
©️	copyright	other symbol symbols
®️	registered	other symbol symbols
™️	trade mark	other symbol symbols
#️⃣	keycap: #	keycap symbols
*️⃣	keycap: *	keycap symbols
0️⃣	keycap: 0	keycap symbols
1️⃣	keycap: 1	keycap symbols
2️⃣	keycap: 2	keycap symbols
3️⃣	keycap: 3	keycap symbols
4️⃣	keycap: 4	keycap symbols
5️⃣	keycap: 5	keycap symbols
6️⃣	keycap: 6	keycap symbols
7️⃣	keycap: 7	keycap symbols
8️⃣	keycap: 8	keycap symbols
9️⃣	keycap: 9	keycap symbols
🔟	keycap: 10	keycap symbols
🔠	input latin uppercase	alphanum symbols
🔡	input latin lowercase	alphanum symbols
🔢	input numbers	alphanum symbols
🔣	input symbols	alphanum symbols
🔤	input latin letters	alphanum symbols
🅰️	A button (blood type)	alphanum symbols
🆎	AB button (blood type)	alphanum symbols
🅱️	B button (blood type)	alphanum symbols
🆑	CL button	alphanum symbols
🆒	COOL button	alphanum symbols
🆓	FREE button	alphanum symbols
ℹ️	information	alphanum symbols
🆔	ID button	alphanum symbols
Ⓜ️	circled M	alphanum symbols
🆕	NEW button	alphanum symbols
🆖	NG button	alphanum symbols
🅾️	O button (blood type)	alphanum symbols
🆗	OK button	alphanum symbols
🅿️	P button	alphanum symbols
🆘	SOS button	alphanum symbols
🆙	UP! button	alphanum symbols
🆚	VS button	alphanum symbols
🈁	Japanese “here” button	alphanum symbols
🈂️	Japanese “service charge” button	alphanum symbols
🈷️	Japanese “monthly amount” button	alphanum symbols
🈶	Japanese “not free of charge” button	alphanum symbols
🈯	Japanese “reserved” button	alphanum symbols
🉐	Japanese “bargain” button	alphanum symbols
🈹	Japanese “discount” button	alphanum symbols
🈚	Japanese “free of charge” button	alphanum symbols
🈲	Japanese “prohibited” button	alphanum symbols
🉑	Japanese “acceptable” button	alphanum symbols
🈸	Japanese “application” button	alphanum symbols
🈴	Japanese “passing grade” button	alphanum symbols
🈳	Japanese “vacancy” button	alphanum symbols
㊗️	Japanese “congratulations” button	alphanum symbols
㊙️	Japanese “secret” button	alphanum symbols
🈺	Japanese “open for business” button	alphanum symbols
🈵	Japanese “no vacancy” button	alphanum symbols
🔴	red circle	geometric symbols
🟠	orange circle	geometric symbols
🟡	yellow circle	geometric symbols
🟢	green circle	geometric symbols
🔵	blue circle	geometric symbols
🟣	purple circle	geometric symbols
🟤	brown circle	geometric symbols
⚫	black circle	geometric symbols
⚪	white circle	geometric symbols
🟥	red square	geometric symbols
🟧	orange square	geometric symbols
🟨	yellow square	geometric symbols
🟩	green square	geometric symbols
🟦	blue square	geometric symbols
🟪	purple square	geometric symbols
🟫	brown square	geometric symbols
⬛	black large square	geometric symbols
⬜	white large square	geometric symbols
◼️	black medium square	geometric symbols
◻️	white medium square	geometric symbols
◾	black medium-small square	geometric symbols
◽	white medium-small square	geometric symbols
▪️	black small square	geometric symbols
▫️	white small square	geometric symbols
🔶	large orange diamond	geometric symbols
🔷	large blue diamond	geometric symbols
🔸	small orange diamond	geometric symbols
🔹	small blue diamond	geometric symbols
🔺	red triangle pointed up	geometric symbols
🔻	red triangle pointed down	geometric symbols
💠	diamond with a dot	geometric symbols
🔘	radio button	geometric symbols
🔳	white square button	geometric symbols
🔲	black square button	geometric symbols
🏁	chequered flag	flag flags
🚩	triangular flag	flag flags
🎌	crossed flags	flag flags
🏴	black flag	flag flags
🏳️	white flag	flag flags
🏳️‍🌈	rainbow flag	flag flags
🏴‍☠️	pirate flag	flag flags
🇦🇨	flag: Ascension Island	country flag flags
🇦🇩	flag: Andorra	country flag flags
🇦🇪	flag: United Arab Emirates	country flag flags
🇦🇫	flag: Afghanistan	country flag flags
🇦🇬	flag: Antigua & Barbuda	country flag flags
🇦🇮	flag: Anguilla	country flag flags
🇦🇱	flag: Albania	country flag flags
🇦🇲	flag: Armenia	country flag flags
🇦🇴	flag: Angola	country flag flags
🇦🇶	flag: Antarctica	country flag flags
🇦🇷	flag: Argentina	country flag flags
🇦🇸	flag: American Samoa	country flag flags
🇦🇹	flag: Austria	country flag flags
🇦🇺	flag: Australia	country flag flags
🇦🇼	flag: Aruba	country flag flags
🇦🇽	flag: Åland Islands	country flag flags
🇦🇿	flag: Azerbaijan	country flag flags
🇧🇦	flag: Bosnia & Herzegovina	country flag flags
🇧🇧	flag: Barbados	country flag flags
🇧🇩	flag: Bangladesh	country flag flags
🇧🇪	flag: Belgium	country flag flags
🇧🇫	flag: Burkina Faso	country flag flags
🇧🇬	flag: Bulgaria	country flag flags
🇧🇭	flag: Bahrain	country flag flags
🇧🇮	flag: Burundi	country flag flags
🇧🇯	flag: Benin	country flag flags
🇧🇱	flag: St. Barthélemy	country flag flags
🇧🇲	flag: Bermuda	country flag flags
🇧🇳	flag: Brunei	country flag flags
🇧🇴	flag: Bolivia	country flag flags
🇧🇶	flag: Caribbean Netherlands	country flag flags
🇧🇷	flag: Brazil	country flag flags
🇧🇸	flag: Bahamas	country flag flags
🇧🇹	flag: Bhutan	country flag flags
🇧🇻	flag: Bouvet Island	country flag flags
🇧🇼	flag: Botswana	country flag flags
🇧🇾	flag: Belarus	country flag flags
🇧🇿	flag: Belize	country flag flags
🇨🇦	flag: Canada	country flag flags
🇨🇨	flag: Cocos (Keeling) Islands	country flag flags
🇨🇩	flag: Congo - Kinshasa	country flag flags
🇨🇫	flag: Central African Republic	country flag flags
🇨🇬	flag: Congo - Brazzaville	country flag flags
🇨🇭	flag: Switzerland	country flag flags
🇨🇮	flag: Côte d’Ivoire	country flag flags
🇨🇰	flag: Cook Islands	country flag flags
🇨🇱	flag: Chile	country flag flags
🇨🇲	flag: Cameroon	country flag flags
🇨🇳	flag: China	country flag flags
🇨🇴	flag: Colombia	country flag flags
🇨🇵	flag: Clipperton Island	country flag flags
🇨🇷	flag: Costa Rica	country flag flags
🇨🇺	flag: Cuba	country flag flags
🇨🇻	flag: Cape Verde	country flag flags
🇨🇼	flag: Curaçao	country flag flags
🇨🇽	flag: Christmas Island	country flag flags
🇨🇾	flag: Cyprus	country flag flags
🇨🇿	flag: Czechia	country flag flags
🇩🇪	flag: Germany	country flag flags
🇩🇬	flag: Diego Garcia	country flag flags
🇩🇯	flag: Djibouti	country flag flags
🇩🇰	flag: Denmark	country flag flags
🇩🇲	flag: Dominica	country flag flags
🇩🇴	flag: Dominican Republic	country flag flags
🇩🇿	flag: Algeria	country flag flags
🇪🇦	flag: Ceuta & Melilla	country flag flags
🇪🇨	flag: Ecuador	country flag flags
🇪🇪	flag: Estonia	country flag flags
🇪🇬	flag: Egypt	country flag flags
🇪🇭	flag: Western Sahara	country flag flags
🇪🇷	flag: Eritrea	country flag flags
🇪🇸	flag: Spain	country flag flags
🇪🇹	flag: Ethiopia	country flag flags
🇪🇺	flag: European Union	country flag flags
🇫🇮	flag: Finland	country flag flags
🇫🇯	flag: Fiji	country flag flags
🇫🇰	flag: Falkland Islands	country flag flags
🇫🇲	flag: Micronesia	country flag flags
🇫🇴	flag: Faroe Islands	country flag flags
🇫🇷	flag: France	country flag flags
🇬🇦	flag: Gabon	country flag flags
🇬🇧	flag: United Kingdom	country flag flags
🇬🇩	flag: Grenada	country flag flags
🇬🇪	flag: Georgia	country flag flags
🇬🇫	flag: French Guiana	country flag flags
🇬🇬	flag: Guernsey	country flag flags
🇬🇭	flag: Ghana	country flag flags
🇬🇮	flag: Gibraltar	country flag flags
🇬🇱	flag: Greenland	country flag flags
🇬🇲	flag: Gambia	country flag flags
🇬🇳	flag: Guinea	country flag flags
🇬🇵	flag: Guadeloupe	country flag flags
🇬🇶	flag: Equatorial Guinea	country flag flags
🇬🇷	flag: Greece	country flag flags
🇬🇸	flag: South Georgia & South Sandwich Islands	country flag flags
🇬🇹	flag: Guatemala	country flag flags
🇬🇺	flag: Guam	country flag flags
🇬🇼	flag: Guinea-Bissau	country flag flags
🇬🇾	flag: Guyana	country flag flags
🇭🇰	flag: Hong Kong SAR China	country flag flags
🇭🇲	flag: Heard & McDonald Islands	country flag flags
🇭🇳	flag: Honduras	country flag flags
🇭🇷	flag: Croatia	country flag flags
🇭🇹	flag: Haiti	country flag flags
🇭🇺	flag: Hungary	country flag flags
🇮🇨	flag: Canary Islands	country flag flags
🇮🇩	flag: Indonesia	country flag flags
🇮🇪	flag: Ireland	country flag flags
🇮🇱	flag: Israel	country flag flags
🇮🇲	flag: Isle of Man	country flag flags
🇮🇳	flag: India	country flag flags
🇮🇴	flag: British Indian Ocean Territory	country flag flags
🇮🇶	flag: Iraq	country flag flags
🇮🇷	flag: Iran	country flag flags
🇮🇸	flag: Iceland	country flag flags
🇮🇹	flag: Italy	country flag flags
🇯🇪	flag: Jersey	country flag flags
🇯🇲	flag: Jamaica	country flag flags
🇯🇴	flag: Jordan	country flag flags
🇯🇵	flag: Japan	country flag flags
🇰🇪	flag: Kenya	country flag flags
🇰🇬	flag: Kyrgyzstan	country flag flags
🇰🇭	flag: Cambodia	country flag flags
🇰🇮	flag: Kiribati	country flag flags
🇰🇲	flag: Comoros	country flag flags
🇰🇳	flag: St. Kitts & Nevis	country flag flags
🇰🇵	flag: North Korea	country flag flags
🇰🇷	flag: South Korea	country flag flags
🇰🇼	flag: Kuwait	country flag flags
🇰🇾	flag: Cayman Islands	country flag flags
🇰🇿	flag: Kazakhstan	country flag flags
🇱🇦	flag: Laos	country flag flags
🇱🇧	flag: Lebanon	country flag flags
🇱🇨	flag: St. Lucia	country flag flags
🇱🇮	flag: Liechtenstein	country flag flags
🇱🇰	flag: Sri Lanka	country flag flags
🇱🇷	flag: Liberia	country flag flags
🇱🇸	flag: Lesotho	country flag flags
🇱🇹	flag: Lithuania	country flag flags
🇱🇺	flag: Luxembourg	country flag flags
🇱🇻	flag: Latvia	country flag flags
🇱🇾	flag: Libya	country flag flags
🇲🇦	flag: Morocco	country flag flags
🇲🇨	flag: Monaco	country flag flags
🇲🇩	flag: Moldova	country flag flags
🇲🇪	flag: Montenegro	country flag flags
🇲🇫	flag: St. Martin	country flag flags
🇲🇬	flag: Madagascar	country flag flags
🇲🇭	flag: Marshall Islands	country flag flags
🇲🇰	flag: Macedonia	country flag flags
🇲🇱	flag: Mali	country flag flags
🇲🇲	flag: Myanmar (Burma)	country flag flags
🇲🇳	flag: Mongolia	country flag flags
🇲🇴	flag: Macao SAR China	country flag flags
🇲🇵	flag: Northern Mariana Islands	country flag flags
🇲🇶	flag: Martinique	country flag flags
🇲🇷	flag: Mauritania	country flag flags
🇲🇸	flag: Montserrat	country flag flags
🇲🇹	flag: Malta	country flag flags
🇲🇺	flag: Mauritius	country flag flags
🇲🇻	flag: Maldives	country flag flags
🇲🇼	flag: Malawi	country flag flags
🇲🇽	flag: Mexico	country flag flags
🇲🇾	flag: Malaysia	country flag flags
🇲🇿	flag: Mozambique	country flag flags
🇳🇦	flag: Namibia	country flag flags
🇳🇨	flag: New Caledonia	country flag flags
🇳🇪	flag: Niger	country flag flags
🇳🇫	flag: Norfolk Island	country flag flags
🇳🇬	flag: Nigeria	country flag flags
🇳🇮	flag: Nicaragua	country flag flags
🇳🇱	flag: Netherlands	country flag flags
🇳🇴	flag: Norway	country flag flags
🇳🇵	flag: Nepal	country flag flags
🇳🇷	flag: Nauru	country flag flags
🇳🇺	flag: Niue	country flag flags
🇳🇿	flag: New Zealand	country flag flags
🇴🇲	flag: Oman	country flag flags
🇵🇦	flag: Panama	country flag flags
🇵🇪	flag: Peru	country flag flags
🇵🇫	flag: French Polynesia	country flag flags
🇵🇬	flag: Papua New Guinea	country flag flags
🇵🇭	flag: Philippines	country flag flags
🇵🇰	flag: Pakistan	country flag flags
🇵🇱	flag: Poland	country flag flags
🇵🇲	flag: St. Pierre & Miquelon	country flag flags
🇵🇳	flag: Pitcairn Islands	country flag flags
🇵🇷	flag: Puerto Rico	country flag flags
🇵🇸	flag: Palestinian Territories	country flag flags
🇵🇹	flag: Portugal	country flag flags
🇵🇼	flag: Palau	country flag flags
🇵🇾	flag: Paraguay	country flag flags
🇶🇦	flag: Qatar	country flag flags
🇷🇪	flag: Réunion	country flag flags
🇷🇴	flag: Romania	country flag flags
🇷🇸	flag: Serbia	country flag flags
🇷🇺	flag: Russia	country flag flags
🇷🇼	flag: Rwanda	country flag flags
🇸🇦	flag: Saudi Arabia	country flag flags
🇸🇧	flag: Solomon Islands	country flag flags
🇸🇨	flag: Seychelles	country flag flags
🇸🇩	flag: Sudan	country flag flags
🇸🇪	flag: Sweden	country flag flags
🇸🇬	flag: Singapore	country flag flags
🇸🇭	flag: St. Helena	country flag flags
🇸🇮	flag: Slovenia	country flag flags
🇸🇯	flag: Svalbard & Jan Mayen	country flag flags
🇸🇰	flag: Slovakia	country flag flags
🇸🇱	flag: Sierra Leone	country flag flags
🇸🇲	flag: San Marino	country flag flags
🇸🇳	flag: Senegal	country flag flags
🇸🇴	flag: Somalia	country flag flags
🇸🇷	flag: Suriname	country flag flags
🇸🇸	flag: South Sudan	country flag flags
🇸🇹	flag: São Tomé & Príncipe	country flag flags
🇸🇻	flag: El Salvador	country flag flags
🇸🇽	flag: Sint Maarten	country flag flags
🇸🇾	flag: Syria	country flag flags
🇸🇿	flag: Eswatini	country flag flags
🇹🇦	flag: Tristan da Cunha	country flag flags
🇹🇨	flag: Turks & Caicos Islands	country flag flags
🇹🇩	flag: Chad	country flag flags
🇹🇫	flag: French Southern Territories	country flag flags
🇹🇬	flag: Togo	country flag flags
🇹🇭	flag: Thailand	country flag flags
🇹🇯	flag: Tajikistan	country flag flags
🇹🇰	flag: Tokelau	country flag flags
🇹🇱	flag: Timor-Leste	country flag flags
🇹🇲	flag: Turkmenistan	country flag flags
🇹🇳	flag: Tunisia	country flag flags
🇹🇴	flag: Tonga	country flag flags
🇹🇷	flag: Turkey	country flag flags
🇹🇹	flag: Trinidad & Tobago	country flag flags
🇹🇻	flag: Tuvalu	country flag flags
🇹🇼	flag: Taiwan	country flag flags
🇹🇿	flag: Tanzania	country flag flags
🇺🇦	flag: Ukraine	country flag flags
🇺🇬	flag: Uganda	country flag flags
🇺🇲	flag: U.S. Outlying Islands	country flag flags
🇺🇳	flag: United Nations	country flag flags
🇺🇸	flag: United States	country flag flags
🇺🇾	flag: Uruguay	country flag flags
🇺🇿	flag: Uzbekistan	country flag flags
🇻🇦	flag: Vatican City	country flag flags
🇻🇨	flag: St. Vincent & Grenadines	country flag flags
🇻🇪	flag: Venezuela	country flag flags
🇻🇬	flag: British Virgin Islands	country flag flags
🇻🇮	flag: U.S. Virgin Islands	country flag flags
🇻🇳	flag: Vietnam	country flag flags
🇻🇺	flag: Vanuatu	country flag flags
🇼🇫	flag: Wallis & Futuna	country flag flags
🇼🇸	flag: Samoa	country flag flags
🇽🇰	flag: Kosovo	country flag flags
🇾🇪	flag: Yemen	country flag flags
🇾🇹	flag: Mayotte	country flag flags
🇿🇦	flag: South Africa	country flag flags
🇿🇲	flag: Zambia	country flag flags
🇿🇼	flag: Zimbabwe	country flag flags
🏴󠁧󠁢󠁥󠁮󠁧󠁿	flag: England	subdivision flag flags
🏴󠁧󠁢󠁳󠁣󠁴󠁿	flag: Scotland	subdivision flag flags
🏴󠁧󠁢󠁷󠁬󠁳󠁿	flag: Wales	subdivision flag flags
←	leftwards arrow	arrow
↑	upwards arrow	arrow
→	rightwards arrow	arrow
↓	downwards arrow	arrow
↔	left right arrow	arrow
↕	up down arrow	arrow
↖	north west arrow	arrow
↗	north east arrow	arrow
↘	south east arrow	arrow
↙	south west arrow	arrow
↚	leftwards arrow with stroke	arrow
↛	rightwards arrow with stroke	arrow
↜	leftwards wave arrow	arrow
↝	rightwards wave arrow	arrow
↞	leftwards two headed arrow	arrow
↟	upwards two headed arrow	arrow
↠	rightwards two headed arrow	arrow
↡	downwards two headed arrow	arrow
↢	leftwards arrow with tail	arrow
↣	rightwards arrow with tail	arrow
↤	leftwards arrow from bar	arrow
↥	upwards arrow from bar	arrow
↦	rightwards arrow from bar	arrow
↧	downwards arrow from bar	arrow
↨	up down arrow with base	arrow
↩	leftwards arrow with hook	arrow
↪	rightwards arrow with hook	arrow
↫	leftwards arrow with loop	arrow
↬	rightwards arrow with loop	arrow
↭	left right wave arrow	arrow
↮	left right arrow with stroke	arrow
↯	downwards zigzag arrow	arrow
↰	upwards arrow with tip leftwards	arrow
↱	upwards arrow with tip rightwards	arrow
↲	downwards arrow with tip leftwards	arrow
↳	downwards arrow with tip rightwards	arrow
↴	rightwards arrow with corner downwards	arrow
↵	downwards arrow with corner leftwards	arrow
↶	anticlockwise top semicircle arrow	arrow
↷	clockwise top semicircle arrow	arrow
↸	north west arrow to long bar	arrow
↹	leftwards arrow to bar over rightwards arrow to bar	arrow
↺	anticlockwise open circle arrow	arrow
↻	clockwise open circle arrow	arrow
↼	leftwards harpoon with barb upwards	arrow
↽	leftwards harpoon with barb downwards	arrow
↾	upwards harpoon with barb rightwards	arrow
↿	upwards harpoon with barb leftwards	arrow
⇀	rightwards harpoon with barb upwards	arrow
⇁	rightwards harpoon with barb downwards	arrow
⇂	downwards harpoon with barb rightwards	arrow
⇃	downwards harpoon with barb leftwards	arrow
⇄	rightwards arrow over leftwards arrow	arrow
⇅	upwards arrow leftwards of downwards arrow	arrow
⇆	leftwards arrow over rightwards arrow	arrow
⇇	leftwards paired arrows	arrow
⇈	upwards paired arrows	arrow
⇉	rightwards paired arrows	arrow
⇊	downwards paired arrows	arrow
⇋	leftwards harpoon over rightwards harpoon	arrow
⇌	rightwards harpoon over leftwards harpoon	arrow
⇍	leftwards double arrow with stroke	arrow
⇎	left right double arrow with stroke	arrow
⇏	rightwards double arrow with stroke	arrow
⇐	leftwards double arrow	arrow
⇑	upwards double arrow	arrow
⇒	rightwards double arrow	arrow
⇓	downwards double arrow	arrow
⇔	left right double arrow	arrow
⇕	up down double arrow	arrow
⇖	north west double arrow	arrow
⇗	north east double arrow	arrow
⇘	south east double arrow	arrow
⇙	south west double arrow	arrow
⇚	leftwards triple arrow	arrow
⇛	rightwards triple arrow	arrow
⇜	leftwards squiggle arrow	arrow
⇝	rightwards squiggle arrow	arrow
⇞	upwards arrow with double stroke	arrow
⇟	downwards arrow with double stroke	arrow
⇠	leftwards dashed arrow	arrow
⇡	upwards dashed arrow	arrow
⇢	rightwards dashed arrow	arrow
⇣	downwards dashed arrow	arrow
⇤	leftwards arrow to bar	arrow
⇥	rightwards arrow to bar	arrow
⇦	leftwards white arrow	arrow
⇧	upwards white arrow	arrow
⇨	rightwards white arrow	arrow
⇩	downwards white arrow	arrow
⇪	upwards white arrow from bar	arrow
⇫	upwards white arrow on pedestal	arrow
⇬	upwards white arrow on pedestal with horizontal bar	arrow
⇭	upwards white arrow on pedestal with vertical bar	arrow
⇮	upwards white double arrow	arrow
⇯	upwards white double arrow on pedestal	arrow
⇰	rightwards white arrow from wall	arrow
⇱	north west arrow to corner	arrow
⇲	south east arrow to corner	arrow
⇳	up down white arrow	arrow
⇴	right arrow with small circle	arrow
⇵	downwards arrow leftwards of upwards arrow	arrow
⇶	three rightwards arrows	arrow
⇷	leftwards arrow with vertical stroke	arrow
⇸	rightwards arrow with vertical stroke	arrow
⇹	left right arrow with vertical stroke	arrow
⇺	leftwards arrow with double vertical stroke	arrow
⇻	rightwards arrow with double vertical stroke	arrow
⇼	left right arrow with double vertical stroke	arrow
⇽	leftwards open-headed arrow	arrow
⇾	rightwards open-headed arrow	arrow
⇿	left right open-headed arrow	arrow
∀	for all	math
∁	complement	math
∂	partial differential	math
∃	there exists	math
∄	there does not exist	math
∅	empty set	math
∆	increment	math
∇	nabla	math
∈	element of	math
∉	not an element of	math
∊	small element of	math
∋	contains as member	math
∌	does not contain as member	math
∍	small contains as member	math
∎	end of proof	math
∏	n-ary product	math
∐	n-ary coproduct	math
∑	n-ary summation	math
−	minus sign	math
∓	minus-or-plus sign	math
∔	dot plus	math
∕	division slash	math
∖	set minus	math
∗	asterisk operator	math
∘	ring operator	math
∙	bullet operator	math
√	square root	math
∛	cube root	math
∜	fourth root	math
∝	proportional to	math
∞	infinity	math
∟	right angle	math
∠	angle	math
∡	measured angle	math
∢	spherical angle	math
∣	divides	math
∤	does not divide	math
∥	parallel to	math
∦	not parallel to	math
∧	logical and	math
∨	logical or	math
∩	intersection	math
∪	union	math
∫	integral	math
∬	double integral	math
∭	triple integral	math
∮	contour integral	math
∯	surface integral	math
∰	volume integral	math
∱	clockwise integral	math
∲	clockwise contour integral	math
∳	anticlockwise contour integral	math
∴	therefore	math
∵	because	math
∶	ratio	math
∷	proportion	math
∸	dot minus	math
∹	excess	math
∺	geometric proportion	math
∻	homothetic	math
∼	tilde operator	math
∽	reversed tilde	math
∾	inverted lazy s	math
∿	sine wave	math
≀	wreath product	math
≁	not tilde	math
≂	minus tilde	math
≃	asymptotically equal to	math
≄	not asymptotically equal to	math
≅	approximately equal to	math
≆	approximately but not actually equal to	math
≇	neither approximately nor actually equal to	math
≈	almost equal to	math
≉	not almost equal to	math
≊	almost equal or equal to	math
≋	triple tilde	math
≌	all equal to	math
≍	equivalent to	math
≎	geometrically equivalent to	math
≏	difference between	math
≐	approaches the limit	math
≑	geometrically equal to	math
≒	approximately equal to or the image of	math
≓	image of or approximately equal to	math
≔	colon equals	math
≕	equals colon	math
≖	ring in equal to	math
≗	ring equal to	math
≘	corresponds to	math
≙	estimates	math
≚	equiangular to	math
≛	star equals	math
≜	delta equal to	math
≝	equal to by definition	math
≞	measured by	math
≟	questioned equal to	math
≠	not equal to	math
≡	identical to	math
≢	not identical to	math
≣	strictly equivalent to	math
≤	less-than or equal to	math
≥	greater-than or equal to	math
≦	less-than over equal to	math
≧	greater-than over equal to	math
≨	less-than but not equal to	math
≩	greater-than but not equal to	math
≪	much less-than	math
≫	much greater-than	math
≬	between	math
≭	not equivalent to	math
≮	not less-than	math
≯	not greater-than	math
≰	neither less-than nor equal to	math
≱	neither greater-than nor equal to	math
≲	less-than or equivalent to	math
≳	greater-than or equivalent to	math
≴	neither less-than nor equivalent to	math
≵	neither greater-than nor equivalent to	math
≶	less-than or greater-than	math
≷	greater-than or less-than	math
≸	neither less-than nor greater-than	math
≹	neither greater-than nor less-than	math
≺	precedes	math
≻	succeeds	math
≼	precedes or equal to	math
≽	succeeds or equal to	math
≾	precedes or equivalent to	math
≿	succeeds or equivalent to	math
⊀	does not precede	math
⊁	does not succeed	math
⊂	subset of	math
⊃	superset of	math
⊄	not a subset of	math
⊅	not a superset of	math
⊆	subset of or equal to	math
⊇	superset of or equal to	math
⊈	neither a subset of nor equal to	math
⊉	neither a superset of nor equal to	math
⊊	subset of with not equal to	math
⊋	superset of with not equal to	math
⊌	multiset	math
⊍	multiset multiplication	math
⊎	multiset union	math
⊏	square image of	math
⊐	square original of	math
⊑	square image of or equal to	math
⊒	square original of or equal to	math
⊓	square cap	math
⊔	square cup	math
⊕	circled plus	math
⊖	circled minus	math
⊗	circled times	math
⊘	circled division slash	math
⊙	circled dot operator	math
⊚	circled ring operator	math
⊛	circled asterisk operator	math
⊜	circled equals	math
⊝	circled dash	math
⊞	squared plus	math
⊟	squared minus	math
⊠	squared times	math
⊡	squared dot operator	math
⊢	right tack	math
⊣	left tack	math
⊤	down tack	math
⊥	up tack	math
⊦	assertion	math
⊧	models	math
⊨	true	math
⊩	forces	math
⊪	triple vertical bar right turnstile	math
⊫	double vertical bar double right turnstile	math
⊬	does not prove	math
⊭	not true	math
⊮	does not force	math
⊯	negated double vertical bar double right turnstile	math
⊰	precedes under relation	math
⊱	succeeds under relation	math
⊲	normal subgroup of	math
⊳	contains as normal subgroup	math
⊴	normal subgroup of or equal to	math
⊵	contains as normal subgroup or equal to	math
⊶	original of	math
⊷	image of	math
⊸	multimap	math
⊹	hermitian conjugate matrix	math
⊺	intercalate	math
⊻	xor	math
⊼	nand	math
⊽	nor	math
⊾	right angle with arc	math
⊿	right triangle	math
⋀	n-ary logical and	math
⋁	n-ary logical or	math
⋂	n-ary intersection	math
⋃	n-ary union	math
⋄	diamond operator	math
⋅	dot operator	math
⋆	star operator	math
⋇	division times	math
⋈	bowtie	math
⋉	left normal factor semidirect product	math
⋊	right normal factor semidirect product	math
⋋	left semidirect product	math
⋌	right semidirect product	math
⋍	reversed tilde equals	math
⋎	curly logical or	math
⋏	curly logical and	math
⋐	double subset	math
⋑	double superset	math
⋒	double intersection	math
⋓	double union	math
⋔	pitchfork	math
⋕	equal and parallel to	math
⋖	less-than with dot	math
⋗	greater-than with dot	math
⋘	very much less-than	math
⋙	very much greater-than	math
⋚	less-than equal to or greater-than	math
⋛	greater-than equal to or less-than	math
⋜	equal to or less-than	math
⋝	equal to or greater-than	math
⋞	equal to or precedes	math
⋟	equal to or succeeds	math
⋠	does not precede or equal	math
⋡	does not succeed or equal	math
⋢	not square image of or equal to	math
⋣	not square original of or equal to	math
⋤	square image of or not equal to	math
⋥	square original of or not equal to	math
⋦	less-than but not equivalent to	math
⋧	greater-than but not equivalent to	math
⋨	precedes but not equivalent to	math
⋩	succeeds but not equivalent to	math
⋪	not normal subgroup of	math
⋫	does not contain as normal subgroup	math
⋬	not normal subgroup of or equal to	math
⋭	does not contain as normal subgroup or equal	math
⋮	vertical ellipsis	math
⋯	midline horizontal ellipsis	math
⋰	up right diagonal ellipsis	math
⋱	down right diagonal ellipsis	math
⋲	element of with long horizontal stroke	math
⋳	element of with vertical bar at end of horizontal stroke	math
⋴	small element of with vertical bar at end of horizontal stroke	math
⋵	element of with dot above	math
⋶	element of with overbar	math
⋷	small element of with overbar	math
⋸	element of with underbar	math
⋹	element of with two horizontal strokes	math
⋺	contains with long horizontal stroke	math
⋻	contains with vertical bar at end of horizontal stroke	math
⋼	small contains with vertical bar at end of horizontal stroke	math
⋽	contains with overbar	math
⋾	small contains with overbar	math
⋿	z notation bag membership	math
Α	greek capital letter alpha	greek
Β	greek capital letter beta	greek
Γ	greek capital letter gamma	greek
Δ	greek capital letter delta	greek
Ε	greek capital letter epsilon	greek
Ζ	greek capital letter zeta	greek
Η	greek capital letter eta	greek
Θ	greek capital letter theta	greek
Ι	greek capital letter iota	greek
Κ	greek capital letter kappa	greek
Λ	greek capital letter lamda	greek
Μ	greek capital letter mu	greek
Ν	greek capital letter nu	greek
Ξ	greek capital letter xi	greek
Ο	greek capital letter omicron	greek
Π	greek capital letter pi	greek
Ρ	greek capital letter rho	greek
Σ	greek capital letter sigma	greek
Τ	greek capital letter tau	greek
Υ	greek capital letter upsilon	greek
Φ	greek capital letter phi	greek
Χ	greek capital letter chi	greek
Ψ	greek capital letter psi	greek
Ω	greek capital letter omega	greek
Ϊ	greek capital letter iota with dialytika	greek
Ϋ	greek capital letter upsilon with dialytika	greek
ά	greek small letter alpha with tonos	greek
έ	greek small letter epsilon with tonos	greek
ή	greek small letter eta with tonos	greek
ί	greek small letter iota with tonos	greek
ΰ	greek small letter upsilon with dialytika and tonos	greek
α	greek small letter alpha	greek
β	greek small letter beta	greek
γ	greek small letter gamma	greek
δ	greek small letter delta	greek
ε	greek small letter epsilon	greek
ζ	greek small letter zeta	greek
η	greek small letter eta	greek
θ	greek small letter theta	greek
ι	greek small letter iota	greek
κ	greek small letter kappa	greek
λ	greek small letter lamda	greek
μ	greek small letter mu	greek
ν	greek small letter nu	greek
ξ	greek small letter xi	greek
ο	greek small letter omicron	greek
π	greek small letter pi	greek
ρ	greek small letter rho	greek
ς	greek small letter final sigma	greek
σ	greek small letter sigma	greek
τ	greek small letter tau	greek
υ	greek small letter upsilon	greek
φ	greek small letter phi	greek
χ	greek small letter chi	greek
ψ	greek small letter psi	greek
ω	greek small letter omega	greek
₠	euro-currency sign	currency
₡	colon sign	currency
₢	cruzeiro sign	currency
₣	french franc sign	currency
₤	lira sign	currency
₥	mill sign	currency
₦	naira sign	currency
₧	peseta sign	currency
₨	rupee sign	currency
₩	won sign	currency
₪	new sheqel sign	currency
₫	dong sign	currency
€	euro sign	currency
₭	kip sign	currency
₮	tugrik sign	currency
₯	drachma sign	currency
₰	german penny sign	currency
₱	peso sign	currency
₲	guarani sign	currency
₳	austral sign	currency
₴	hryvnia sign	currency
₵	cedi sign	currency
₶	livre tournois sign	currency
₷	spesmilo sign	currency
₸	tenge sign	currency
₹	indian rupee sign	currency
₺	turkish lira sign	currency
₻	nordic mark sign	currency
₼	manat sign	currency
₽	ruble sign	currency
₾	lari sign	currency
₿	bitcoin sign	currency
⃀	som sign	currency
℀	account of	letterlike
℁	addressed to the subject	letterlike
ℂ	double-struck capital c	letterlike
℃	degree celsius	letterlike
℄	centre line symbol	letterlike
℅	care of	letterlike
℆	cada una	letterlike
ℇ	euler constant	letterlike
℈	scruple	letterlike
℉	degree fahrenheit	letterlike
ℊ	script small g	letterlike
ℋ	script capital h	letterlike
ℌ	black-letter capital h	letterlike
ℍ	double-struck capital h	letterlike
ℎ	planck constant	letterlike
ℏ	planck constant over two pi	letterlike
ℐ	script capital i	letterlike
ℑ	black-letter capital i	letterlike
ℒ	script capital l	letterlike
ℓ	script small l	letterlike
℔	l b bar symbol	letterlike
ℕ	double-struck capital n	letterlike
№	numero sign	letterlike
℗	sound recording copyright	letterlike
℘	script capital p	letterlike
ℙ	double-struck capital p	letterlike
ℚ	double-struck capital q	letterlike
ℛ	script capital r	letterlike
ℜ	black-letter capital r	letterlike
ℝ	double-struck capital r	letterlike
℞	prescription take	letterlike
℟	response	letterlike
℠	service mark	letterlike
℡	telephone sign	letterlike
™	trade mark sign	letterlike
℣	versicle	letterlike
ℤ	double-struck capital z	letterlike
℥	ounce sign	letterlike
Ω	ohm sign	letterlike
℧	inverted ohm sign	letterlike
ℨ	black-letter capital z	letterlike
℩	turned greek small letter iota	letterlike
K	kelvin sign	letterlike
Å	angstrom sign	letterlike
ℬ	script capital b	letterlike
ℭ	black-letter capital c	letterlike
℮	estimated symbol	letterlike
ℯ	script small e	letterlike
ℰ	script capital e	letterlike
ℱ	script capital f	letterlike
Ⅎ	turned capital f	letterlike
ℳ	script capital m	letterlike
ℴ	script small o	letterlike
ℵ	alef symbol	letterlike
ℶ	bet symbol	letterlike
ℷ	gimel symbol	letterlike
ℸ	dalet symbol	letterlike
ℹ	information source	letterlike
℺	rotated capital q	letterlike
℻	facsimile sign	letterlike
ℼ	double-struck small pi	letterlike
ℽ	double-struck small gamma	letterlike
ℾ	double-struck capital gamma	letterlike
ℿ	double-struck capital pi	letterlike
⅀	double-struck n-ary summation	letterlike
⅁	turned sans-serif capital g	letterlike
⅂	turned sans-serif capital l	letterlike
⅃	reversed sans-serif capital l	letterlike
⅄	turned sans-serif capital y	letterlike
ⅅ	double-struck italic capital d	letterlike
ⅆ	double-struck italic small d	letterlike
ⅇ	double-struck italic small e	letterlike
ⅈ	double-struck italic small i	letterlike
ⅉ	double-struck italic small j	letterlike
⅊	property line	letterlike
⅋	turned ampersand	letterlike
⅌	per sign	letterlike
⅍	aktieselskab	letterlike
ⅎ	turned small f	letterlike
⅏	symbol for samaritan source	letterlike
⁰	superscript zero	script
ⁱ	superscript latin small letter i	script
⁴	superscript four	script
⁵	superscript five	script
⁶	superscript six	script
⁷	superscript seven	script
⁸	superscript eight	script
⁹	superscript nine	script
⁺	superscript plus sign	script
⁻	superscript minus	script
⁼	superscript equals sign	script
⁽	superscript left parenthesis	script
⁾	superscript right parenthesis	script
ⁿ	superscript latin small letter n	script
₀	subscript zero	script
₁	subscript one	script
₂	subscript two	script
₃	subscript three	script
₄	subscript four	script
₅	subscript five	script
₆	subscript six	script
₇	subscript seven	script
₈	subscript eight	script
₉	subscript nine	script
₊	subscript plus sign	script
₋	subscript minus	script
₌	subscript equals sign	script
₍	subscript left parenthesis	script
₎	subscript right parenthesis	script
ₐ	latin subscript small letter a	script
ₑ	latin subscript small letter e	script
ₒ	latin subscript small letter o	script
ₓ	latin subscript small letter x	script
ₔ	latin subscript small letter schwa	script
ₕ	latin subscript small letter h	script
ₖ	latin subscript small letter k	script
ₗ	latin subscript small letter l	script
ₘ	latin subscript small letter m	script
ₙ	latin subscript small letter n	script
ₚ	latin subscript small letter p	script
ₛ	latin subscript small letter s	script
ₜ	latin subscript small letter t	script
─	box drawings light horizontal	box drawing
━	box drawings heavy horizontal	box drawing
│	box drawings light vertical	box drawing
┃	box drawings heavy vertical	box drawing
┄	box drawings light triple dash horizontal	box drawing
┅	box drawings heavy triple dash horizontal	box drawing
┆	box drawings light triple dash vertical	box drawing
┇	box drawings heavy triple dash vertical	box drawing
┈	box drawings light quadruple dash horizontal	box drawing
┉	box drawings heavy quadruple dash horizontal	box drawing
┊	box drawings light quadruple dash vertical	box drawing
┋	box drawings heavy quadruple dash vertical	box drawing
┌	box drawings light down and right	box drawing
┍	box drawings down light and right heavy	box drawing
┎	box drawings down heavy and right light	box drawing
┏	box drawings heavy down and right	box drawing
┐	box drawings light down and left	box drawing
┑	box drawings down light and left heavy	box drawing
┒	box drawings down heavy and left light	box drawing
┓	box drawings heavy down and left	box drawing
└	box drawings light up and right	box drawing
┕	box drawings up light and right heavy	box drawing
┖	box drawings up heavy and right light	box drawing
┗	box drawings heavy up and right	box drawing
┘	box drawings light up and left	box drawing
┙	box drawings up light and left heavy	box drawing
┚	box drawings up heavy and left light	box drawing
┛	box drawings heavy up and left	box drawing
├	box drawings light vertical and right	box drawing
┝	box drawings vertical light and right heavy	box drawing
┞	box drawings up heavy and right down light	box drawing
┟	box drawings down heavy and right up light	box drawing
┠	box drawings vertical heavy and right light	box drawing
┡	box drawings down light and right up heavy	box drawing
┢	box drawings up light and right down heavy	box drawing
┣	box drawings heavy vertical and right	box drawing
┤	box drawings light vertical and left	box drawing
┥	box drawings vertical light and left heavy	box drawing
┦	box drawings up heavy and left down light	box drawing
┧	box drawings down heavy and left up light	box drawing
┨	box drawings vertical heavy and left light	box drawing
┩	box drawings down light and left up heavy	box drawing
┪	box drawings up light and left down heavy	box drawing
┫	box drawings heavy vertical and left	box drawing
┬	box drawings light down and horizontal	box drawing
┭	box drawings left heavy and right down light	box drawing
┮	box drawings right heavy and left down light	box drawing
┯	box drawings down light and horizontal heavy	box drawing
┰	box drawings down heavy and horizontal light	box drawing
┱	box drawings right light and left down heavy	box drawing
┲	box drawings left light and right down heavy	box drawing
┳	box drawings heavy down and horizontal	box drawing
┴	box drawings light up and horizontal	box drawing
┵	box drawings left heavy and right up light	box drawing
┶	box drawings right heavy and left up light	box drawing
┷	box drawings up light and horizontal heavy	box drawing
┸	box drawings up heavy and horizontal light	box drawing
┹	box drawings right light and left up heavy	box drawing
┺	box drawings left light and right up heavy	box drawing
┻	box drawings heavy up and horizontal	box drawing
┼	box drawings light vertical and horizontal	box drawing
┽	box drawings left heavy and right vertical light	box drawing
┾	box drawings right heavy and left vertical light	box drawing
┿	box drawings vertical light and horizontal heavy	box drawing
╀	box drawings up heavy and down horizontal light	box drawing
╁	box drawings down heavy and up horizontal light	box drawing
╂	box drawings vertical heavy and horizontal light	box drawing
╃	box drawings left up heavy and right down light	box drawing
╄	box drawings right up heavy and left down light	box drawing
╅	box drawings left down heavy and right up light	box drawing
╆	box drawings right down heavy and left up light	box drawing
╇	box drawings down light and up horizontal heavy	box drawing
╈	box drawings up light and down horizontal heavy	box drawing
╉	box drawings right light and left vertical heavy	box drawing
╊	box drawings left light and right vertical heavy	box drawing
╋	box drawings heavy vertical and horizontal	box drawing
╌	box drawings light double dash horizontal	box drawing
╍	box drawings heavy double dash horizontal	box drawing
╎	box drawings light double dash vertical	box drawing
╏	box drawings heavy double dash vertical	box drawing
═	box drawings double horizontal	box drawing
║	box drawings double vertical	box drawing
╒	box drawings down single and right double	box drawing
╓	box drawings down double and right single	box drawing
╔	box drawings double down and right	box drawing
╕	box drawings down single and left double	box drawing
╖	box drawings down double and left single	box drawing
╗	box drawings double down and left	box drawing
╘	box drawings up single and right double	box drawing
╙	box drawings up double and right single	box drawing
╚	box drawings double up and right	box drawing
╛	box drawings up single and left double	box drawing
╜	box drawings up double and left single	box drawing
╝	box drawings double up and left	box drawing
╞	box drawings vertical single and right double	box drawing
╟	box drawings vertical double and right single	box drawing
╠	box drawings double vertical and right	box drawing
╡	box drawings vertical single and left double	box drawing
╢	box drawings vertical double and left single	box drawing
╣	box drawings double vertical and left	box drawing
╤	box drawings down single and horizontal double	box drawing
╥	box drawings down double and horizontal single	box drawing
╦	box drawings double down and horizontal	box drawing
╧	box drawings up single and horizontal double	box drawing
╨	box drawings up double and horizontal single	box drawing
╩	box drawings double up and horizontal	box drawing
╪	box drawings vertical single and horizontal double	box drawing
╫	box drawings vertical double and horizontal single	box drawing
╬	box drawings double vertical and horizontal	box drawing
╭	box drawings light arc down and right	box drawing
╮	box drawings light arc down and left	box drawing
╯	box drawings light arc up and left	box drawing
╰	box drawings light arc up and right	box drawing
╱	box drawings light diagonal upper right to lower left	box drawing
╲	box drawings light diagonal upper left to lower right	box drawing
╳	box drawings light diagonal cross	box drawing
╴	box drawings light left	box drawing
╵	box drawings light up	box drawing
╶	box drawings light right	box drawing
╷	box drawings light down	box drawing
╸	box drawings heavy left	box drawing
╹	box drawings heavy up	box drawing
╺	box drawings heavy right	box drawing
╻	box drawings heavy down	box drawing
╼	box drawings light left and heavy right	box drawing
╽	box drawings light up and heavy down	box drawing
╾	box drawings heavy left and light right	box drawing
╿	box drawings heavy up and light down	box drawing
▀	upper half block	block
▁	lower one eighth block	block
▂	lower one quarter block	block
▃	lower three eighths block	block
▄	lower half block	block
▅	lower five eighths block	block
▆	lower three quarters block	block
▇	lower seven eighths block	block
█	full block	block
▉	left seven eighths block	block
▊	left three quarters block	block
▋	left five eighths block	block
▌	left half block	block
▍	left three eighths block	block
▎	left one quarter block	block
▏	left one eighth block	block
▐	right half block	block
░	light shade	block
▒	medium shade	block
▓	dark shade	block
▔	upper one eighth block	block
▕	right one eighth block	block
▖	quadrant lower left	block
▗	quadrant lower right	block
▘	quadrant upper left	block
▙	quadrant upper left and lower left and lower right	block
▚	quadrant upper left and lower right	block
▛	quadrant upper left and upper right and lower left	block
▜	quadrant upper left and upper right and lower right	block
▝	quadrant upper right	block
▞	quadrant upper right and lower left	block
▟	quadrant upper right and lower left and lower right	block
■	black square	shape geometric
□	white square	shape geometric
▢	white square with rounded corners	shape geometric
▣	white square containing black small square	shape geometric
▤	square with horizontal fill	shape geometric
▥	square with vertical fill	shape geometric
▦	square with orthogonal crosshatch fill	shape geometric
▧	square with upper left to lower right fill	shape geometric
▨	square with upper right to lower left fill	shape geometric
▩	square with diagonal crosshatch fill	shape geometric
▪	black small square	shape geometric
▫	white small square	shape geometric
▬	black rectangle	shape geometric
▭	white rectangle	shape geometric
▮	black vertical rectangle	shape geometric
▯	white vertical rectangle	shape geometric
▰	black parallelogram	shape geometric
▱	white parallelogram	shape geometric
▲	black up-pointing triangle	shape geometric
△	white up-pointing triangle	shape geometric
▴	black up-pointing small triangle	shape geometric
▵	white up-pointing small triangle	shape geometric
▶	black right-pointing triangle	shape geometric
▷	white right-pointing triangle	shape geometric
▸	black right-pointing small triangle	shape geometric
▹	white right-pointing small triangle	shape geometric
►	black right-pointing pointer	shape geometric
▻	white right-pointing pointer	shape geometric
▼	black down-pointing triangle	shape geometric
▽	white down-pointing triangle	shape geometric
▾	black down-pointing small triangle	shape geometric
▿	white down-pointing small triangle	shape geometric
◀	black left-pointing triangle	shape geometric
◁	white left-pointing triangle	shape geometric
◂	black left-pointing small triangle	shape geometric
◃	white left-pointing small triangle	shape geometric
◄	black left-pointing pointer	shape geometric
◅	white left-pointing pointer	shape geometric
◆	black diamond	shape geometric
◇	white diamond	shape geometric
◈	white diamond containing black small diamond	shape geometric
◉	fisheye	shape geometric
◊	lozenge	shape geometric
○	white circle	shape geometric
◌	dotted circle	shape geometric
◍	circle with vertical fill	shape geometric
◎	bullseye	shape geometric
●	black circle	shape geometric
◐	circle with left half black	shape geometric
◑	circle with right half black	shape geometric
◒	circle with lower half black	shape geometric
◓	circle with upper half black	shape geometric
◔	circle with upper right quadrant black	shape geometric
◕	circle with all but upper left quadrant black	shape geometric
◖	left half black circle	shape geometric
◗	right half black circle	shape geometric
◘	inverse bullet	shape geometric
◙	inverse white circle	shape geometric
◚	upper half inverse white circle	shape geometric
◛	lower half inverse white circle	shape geometric
◜	upper left quadrant circular arc	shape geometric
◝	upper right quadrant circular arc	shape geometric
◞	lower right quadrant circular arc	shape geometric
◟	lower left quadrant circular arc	shape geometric
◠	upper half circle	shape geometric
◡	lower half circle	shape geometric
◢	black lower right triangle	shape geometric
◣	black lower left triangle	shape geometric
◤	black upper left triangle	shape geometric
◥	black upper right triangle	shape geometric
◦	white bullet	shape geometric
◧	square with left half black	shape geometric
◨	square with right half black	shape geometric
◩	square with upper left diagonal half black	shape geometric
◪	square with lower right diagonal half black	shape geometric
◫	white square with vertical bisecting line	shape geometric
◬	white up-pointing triangle with dot	shape geometric
◭	up-pointing triangle with left half black	shape geometric
◮	up-pointing triangle with right half black	shape geometric
◯	large circle	shape geometric
◰	white square with upper left quadrant	shape geometric
◱	white square with lower left quadrant	shape geometric
◲	white square with lower right quadrant	shape geometric
◳	white square with upper right quadrant	shape geometric
◴	white circle with upper left quadrant	shape geometric
◵	white circle with lower left quadrant	shape geometric
◶	white circle with lower right quadrant	shape geometric
◷	white circle with upper right quadrant	shape geometric
◸	upper left triangle	shape geometric
◹	upper right triangle	shape geometric
◺	lower left triangle	shape geometric
◻	white medium square	shape geometric
◼	black medium square	shape geometric
◿	lower right triangle	shape geometric
☀	black sun with rays	symbol misc
☁	cloud	symbol misc
☂	umbrella	symbol misc
☃	snowman	symbol misc
☄	comet	symbol misc
★	black star	symbol misc
☆	white star	symbol misc
☇	lightning	symbol misc
☈	thunderstorm	symbol misc
☉	sun	symbol misc
☊	ascending node	symbol misc
☋	descending node	symbol misc
☌	conjunction	symbol misc
☍	opposition	symbol misc
☎	black telephone	symbol misc
☏	white telephone	symbol misc
☐	ballot box	symbol misc
☑	ballot box with check	symbol misc
☒	ballot box with x	symbol misc
☓	saltire	symbol misc
☖	white shogi piece	symbol misc
☗	black shogi piece	symbol misc
☘	shamrock	symbol misc
☙	reversed rotated floral heart bullet	symbol misc
☚	black left pointing index	symbol misc
☛	black right pointing index	symbol misc
☜	white left pointing index	symbol misc
☝	white up pointing index	symbol misc
☞	white right pointing index	symbol misc
☟	white down pointing index	symbol misc
☠	skull and crossbones	symbol misc
☡	caution sign	symbol misc
☢	radioactive sign	symbol misc
☣	biohazard sign	symbol misc
☤	caduceus	symbol misc
☥	ankh	symbol misc
☦	orthodox cross	symbol misc
☧	chi rho	symbol misc
☨	cross of lorraine	symbol misc
☩	cross of jerusalem	symbol misc
☪	star and crescent	symbol misc
☫	farsi symbol	symbol misc
☬	adi shakti	symbol misc
☭	hammer and sickle	symbol misc
☮	peace symbol	symbol misc
☯	yin yang	symbol misc
☰	trigram for heaven	symbol misc
☱	trigram for lake	symbol misc
☲	trigram for fire	symbol misc
☳	trigram for thunder	symbol misc
☴	trigram for wind	symbol misc
☵	trigram for water	symbol misc
☶	trigram for mountain	symbol misc
☷	trigram for earth	symbol misc
☸	wheel of dharma	symbol misc
☹	white frowning face	symbol misc
☺	white smiling face	symbol misc
☻	black smiling face	symbol misc
☼	white sun with rays	symbol misc
☽	first quarter moon	symbol misc
☾	last quarter moon	symbol misc
☿	mercury	symbol misc
♀	female sign	symbol misc
♁	earth	symbol misc
♂	male sign	symbol misc
♃	jupiter	symbol misc
♄	saturn	symbol misc
♅	uranus	symbol misc
♆	neptune	symbol misc
♇	pluto	symbol misc
♔	white chess king	symbol misc
♕	white chess queen	symbol misc
♖	white chess rook	symbol misc
♗	white chess bishop	symbol misc
♘	white chess knight	symbol misc
♙	white chess pawn	symbol misc
♚	black chess king	symbol misc
♛	black chess queen	symbol misc
♜	black chess rook	symbol misc
♝	black chess bishop	symbol misc
♞	black chess knight	symbol misc
♟	black chess pawn	symbol misc
♠	black spade suit	symbol misc
♡	white heart suit	symbol misc
♢	white diamond suit	symbol misc
♣	black club suit	symbol misc
♤	white spade suit	symbol misc
♥	black heart suit	symbol misc
♦	black diamond suit	symbol misc
♧	white club suit	symbol misc
♨	hot springs	symbol misc
♩	quarter note	symbol misc
♪	eighth note	symbol misc
♫	beamed eighth notes	symbol misc
♬	beamed sixteenth notes	symbol misc
♭	music flat sign	symbol misc
♮	music natural sign	symbol misc
♯	music sharp sign	symbol misc
♰	west syriac cross	symbol misc
♱	east syriac cross	symbol misc
♲	universal recycling symbol	symbol misc
♳	recycling symbol for type-1 plastics	symbol misc
♴	recycling symbol for type-2 plastics	symbol misc
♵	recycling symbol for type-3 plastics	symbol misc
♶	recycling symbol for type-4 plastics	symbol misc
♷	recycling symbol for type-5 plastics	symbol misc
♸	recycling symbol for type-6 plastics	symbol misc
♹	recycling symbol for type-7 plastics	symbol misc
♺	recycling symbol for generic materials	symbol misc
♻	black universal recycling symbol	symbol misc
♼	recycled paper symbol	symbol misc
♽	partially-recycled paper symbol	symbol misc
♾	permanent paper sign	symbol misc
⚀	die face-1	symbol misc
⚁	die face-2	symbol misc
⚂	die face-3	symbol misc
⚃	die face-4	symbol misc
⚄	die face-5	symbol misc
⚅	die face-6	symbol misc
⚆	white circle with dot right	symbol misc
⚇	white circle with two dots	symbol misc
⚈	black circle with white dot right	symbol misc
⚉	black circle with two white dots	symbol misc
⚊	monogram for yang	symbol misc
⚋	monogram for yin	symbol misc
⚌	digram for greater yang	symbol misc
⚍	digram for lesser yin	symbol misc
⚎	digram for lesser yang	symbol misc
⚏	digram for greater yin	symbol misc
⚐	white flag	symbol misc
⚑	black flag	symbol misc
⚒	hammer and pick	symbol misc
⚔	crossed swords	symbol misc
⚕	staff of aesculapius	symbol misc
⚖	scales	symbol misc
⚗	alembic	symbol misc
⚘	flower	symbol misc
⚙	gear	symbol misc
⚚	staff of hermes	symbol misc
⚛	atom symbol	symbol misc
⚜	fleur-de-lis	symbol misc
⚝	outlined white star	symbol misc
⚞	three lines converging right	symbol misc
⚟	three lines converging left	symbol misc
⚠	warning sign	symbol misc
⚢	doubled female sign	symbol misc
⚣	doubled male sign	symbol misc
⚤	interlocked female and male sign	symbol misc
⚥	male and female sign	symbol misc
⚦	male with stroke sign	symbol misc
⚧	male with stroke and male and female sign	symbol misc
⚨	vertical male with stroke sign	symbol misc
⚩	horizontal male with stroke sign	symbol misc
⚬	medium small white circle	symbol misc
⚭	marriage symbol	symbol misc
⚮	divorce symbol	symbol misc
⚯	unmarried partnership symbol	symbol misc
⚰	coffin	symbol misc
⚱	funeral urn	symbol misc
⚲	neuter	symbol misc
⚳	ceres	symbol misc
⚴	pallas	symbol misc
⚵	juno	symbol misc
⚶	vesta	symbol misc
⚷	chiron	symbol misc
⚸	black moon lilith	symbol misc
⚹	sextile	symbol misc
⚺	semisextile	symbol misc
⚻	quincunx	symbol misc
⚼	sesquiquadrate	symbol misc
⚿	squared key	symbol misc
⛀	white draughts man	symbol misc
⛁	white draughts king	symbol misc
⛂	black draughts man	symbol misc
⛃	black draughts king	symbol misc
⛆	rain	symbol misc
⛇	black snowman	symbol misc
⛈	thunder cloud and rain	symbol misc
⛉	turned white shogi piece	symbol misc
⛊	turned black shogi piece	symbol misc
⛋	white diamond in square	symbol misc
⛌	crossing lanes	symbol misc
⛍	disabled car	symbol misc
⛏	pick	symbol misc
⛐	car sliding	symbol misc
⛑	helmet with white cross	symbol misc
⛒	circled crossing lanes	symbol misc
⛓	chains	symbol misc
⛕	alternate one-way left way traffic	symbol misc
⛖	black two-way left way traffic	symbol misc
⛗	white two-way left way traffic	symbol misc
⛘	black left lane merge	symbol misc
⛙	white left lane merge	symbol misc
⛚	drive slow sign	symbol misc
⛛	heavy white down-pointing triangle	symbol misc
⛜	left closed entry	symbol misc
⛝	squared saltire	symbol misc
⛞	falling diagonal in white circle in black square	symbol misc
⛟	black truck	symbol misc
⛠	restricted left entry-1	symbol misc
⛡	restricted left entry-2	symbol misc
⛢	astronomical symbol for uranus	symbol misc
⛣	heavy circle with stroke and two dots above	symbol misc
⛤	pentagram	symbol misc
⛥	right-handed interlaced pentagram	symbol misc
⛦	left-handed interlaced pentagram	symbol misc
⛧	inverted pentagram	symbol misc
⛨	black cross on shield	symbol misc
⛩	shinto shrine	symbol misc
⛫	castle	symbol misc
⛬	historic site	symbol misc
⛭	gear without hub	symbol misc
⛮	gear with handles	symbol misc
⛯	map symbol for lighthouse	symbol misc
⛰	mountain	symbol misc
⛱	umbrella on ground	symbol misc
⛴	ferry	symbol misc
⛶	square four corners	symbol misc
⛷	skier	symbol misc
⛸	ice skate	symbol misc
⛹	person with ball	symbol misc
⛻	japanese bank symbol	symbol misc
⛼	headstone graveyard symbol	symbol misc
⛾	cup on black square	symbol misc
⛿	white flag with horizontal middle black stripe	symbol misc
✀	black safety scissors	dingbat
✁	upper blade scissors	dingbat
✂	black scissors	dingbat
✃	lower blade scissors	dingbat
✄	white scissors	dingbat
✆	telephone location sign	dingbat
✇	tape drive	dingbat
✈	airplane	dingbat
✉	envelope	dingbat
✌	victory hand	dingbat
✍	writing hand	dingbat
✎	lower right pencil	dingbat
✏	pencil	dingbat
✐	upper right pencil	dingbat
✑	white nib	dingbat
✒	black nib	dingbat
✓	check mark	dingbat
✔	heavy check mark	dingbat
✕	multiplication x	dingbat
✖	heavy multiplication x	dingbat
✗	ballot x	dingbat
✘	heavy ballot x	dingbat
✙	outlined greek cross	dingbat
✚	heavy greek cross	dingbat
✛	open centre cross	dingbat
✜	heavy open centre cross	dingbat
✝	latin cross	dingbat
✞	shadowed white latin cross	dingbat
✟	outlined latin cross	dingbat
✠	maltese cross	dingbat
✡	star of david	dingbat
✢	four teardrop-spoked asterisk	dingbat
✣	four balloon-spoked asterisk	dingbat
✤	heavy four balloon-spoked asterisk	dingbat
✥	four club-spoked asterisk	dingbat
✦	black four pointed star	dingbat
✧	white four pointed star	dingbat
✩	stress outlined white star	dingbat
✪	circled white star	dingbat
✫	open centre black star	dingbat
✬	black centre white star	dingbat
✭	outlined black star	dingbat
✮	heavy outlined black star	dingbat
✯	pinwheel star	dingbat
✰	shadowed white star	dingbat
✱	heavy asterisk	dingbat
✲	open centre asterisk	dingbat
✳	eight spoked asterisk	dingbat
✴	eight pointed black star	dingbat
✵	eight pointed pinwheel star	dingbat
✶	six pointed black star	dingbat
✷	eight pointed rectilinear black star	dingbat
✸	heavy eight pointed rectilinear black star	dingbat
✹	twelve pointed black star	dingbat
✺	sixteen pointed asterisk	dingbat
✻	teardrop-spoked asterisk	dingbat
✼	open centre teardrop-spoked asterisk	dingbat
✽	heavy teardrop-spoked asterisk	dingbat
✾	six petalled black and white florette	dingbat
✿	black florette	dingbat
❀	white florette	dingbat
❁	eight petalled outlined black florette	dingbat
❂	circled open centre eight pointed star	dingbat
❃	heavy teardrop-spoked pinwheel asterisk	dingbat
❄	snowflake	dingbat
❅	tight trifoliate snowflake	dingbat
❆	heavy chevron snowflake	dingbat
❇	sparkle	dingbat
❈	heavy sparkle	dingbat
❉	balloon-spoked asterisk	dingbat
❊	eight teardrop-spoked propeller asterisk	dingbat
❋	heavy eight teardrop-spoked propeller asterisk	dingbat
❍	shadowed white circle	dingbat
❏	lower right drop-shadowed white square	dingbat
❐	upper right drop-shadowed white square	dingbat
❑	lower right shadowed white square	dingbat
❒	upper right shadowed white square	dingbat
❖	black diamond minus white x	dingbat
❘	light vertical bar	dingbat
❙	medium vertical bar	dingbat
❚	heavy vertical bar	dingbat
❛	heavy single turned comma quotation mark ornament	dingbat
❜	heavy single comma quotation mark ornament	dingbat
❝	heavy double turned comma quotation mark ornament	dingbat
❞	heavy double comma quotation mark ornament	dingbat
❟	heavy low single comma quotation mark ornament	dingbat
❠	heavy low double comma quotation mark ornament	dingbat
❡	curved stem paragraph sign ornament	dingbat
❢	heavy exclamation mark ornament	dingbat
❣	heavy heart exclamation mark ornament	dingbat
❤	heavy black heart	dingbat
❥	rotated heavy black heart bullet	dingbat
❦	floral heart	dingbat
❧	rotated floral heart bullet	dingbat
❨	medium left parenthesis ornament	dingbat
❩	medium right parenthesis ornament	dingbat
❪	medium flattened left parenthesis ornament	dingbat
❫	medium flattened right parenthesis ornament	dingbat
❬	medium left-pointing angle bracket ornament	dingbat
❭	medium right-pointing angle bracket ornament	dingbat
❮	heavy left-pointing angle quotation mark ornament	dingbat
❯	heavy right-pointing angle quotation mark ornament	dingbat
❰	heavy left-pointing angle bracket ornament	dingbat
❱	heavy right-pointing angle bracket ornament	dingbat
❲	light left tortoise shell bracket ornament	dingbat
❳	light right tortoise shell bracket ornament	dingbat
❴	medium left curly bracket ornament	dingbat
❵	medium right curly bracket ornament	dingbat
❶	dingbat negative circled digit one	dingbat
❷	dingbat negative circled digit two	dingbat
❸	dingbat negative circled digit three	dingbat
❹	dingbat negative circled digit four	dingbat
❺	dingbat negative circled digit five	dingbat
❻	dingbat negative circled digit six	dingbat
❼	dingbat negative circled digit seven	dingbat
❽	dingbat negative circled digit eight	dingbat
❾	dingbat negative circled digit nine	dingbat
❿	dingbat negative circled number ten	dingbat
➀	dingbat circled sans-serif digit one	dingbat
➁	dingbat circled sans-serif digit two	dingbat
➂	dingbat circled sans-serif digit three	dingbat
➃	dingbat circled sans-serif digit four	dingbat
➄	dingbat circled sans-serif digit five	dingbat
➅	dingbat circled sans-serif digit six	dingbat
➆	dingbat circled sans-serif digit seven	dingbat
➇	dingbat circled sans-serif digit eight	dingbat
➈	dingbat circled sans-serif digit nine	dingbat
➉	dingbat circled sans-serif number ten	dingbat
➊	dingbat negative circled sans-serif digit one	dingbat
➋	dingbat negative circled sans-serif digit two	dingbat
➌	dingbat negative circled sans-serif digit three	dingbat
➍	dingbat negative circled sans-serif digit four	dingbat
➎	dingbat negative circled sans-serif digit five	dingbat
➏	dingbat negative circled sans-serif digit six	dingbat
➐	dingbat negative circled sans-serif digit seven	dingbat
➑	dingbat negative circled sans-serif digit eight	dingbat
➒	dingbat negative circled sans-serif digit nine	dingbat
➓	dingbat negative circled sans-serif number ten	dingbat
➔	heavy wide-headed rightwards arrow	dingbat
➘	heavy south east arrow	dingbat
➙	heavy rightwards arrow	dingbat
➚	heavy north east arrow	dingbat
➛	drafting point rightwards arrow	dingbat
➜	heavy round-tipped rightwards arrow	dingbat
➝	triangle-headed rightwards arrow	dingbat
➞	heavy triangle-headed rightwards arrow	dingbat
➟	dashed triangle-headed rightwards arrow	dingbat
➠	heavy dashed triangle-headed rightwards arrow	dingbat
➡	black rightwards arrow	dingbat
➢	three-d top-lighted rightwards arrowhead	dingbat
➣	three-d bottom-lighted rightwards arrowhead	dingbat
➤	black rightwards arrowhead	dingbat
➥	heavy black curved downwards and rightwards arrow	dingbat
➦	heavy black curved upwards and rightwards arrow	dingbat
➧	squat black rightwards arrow	dingbat
➨	heavy concave-pointed black rightwards arrow	dingbat
➩	right-shaded white rightwards arrow	dingbat
➪	left-shaded white rightwards arrow	dingbat
➫	back-tilted shadowed white rightwards arrow	dingbat
➬	front-tilted shadowed white rightwards arrow	dingbat
➭	heavy lower right-shadowed white rightwards arrow	dingbat
➮	heavy upper right-shadowed white rightwards arrow	dingbat
➯	notched lower right-shadowed white rightwards arrow	dingbat
➱	notched upper right-shadowed white rightwards arrow	dingbat
➲	circled heavy white rightwards arrow	dingbat
➳	white-feathered rightwards arrow	dingbat
➴	black-feathered south east arrow	dingbat
➵	black-feathered rightwards arrow	dingbat
➶	black-feathered north east arrow	dingbat
➷	heavy black-feathered south east arrow	dingbat
➸	heavy black-feathered rightwards arrow	dingbat
➹	heavy black-feathered north east arrow	dingbat
➺	teardrop-barbed rightwards arrow	dingbat
➻	heavy teardrop-shanked rightwards arrow	dingbat
➼	wedge-tailed rightwards arrow	dingbat
➽	heavy wedge-tailed rightwards arrow	dingbat
➾	open-outlined rightwards arrow	dingbat
⬀	north east white arrow	arrow symbol
⬁	north west white arrow	arrow symbol
⬂	south east white arrow	arrow symbol
⬃	south west white arrow	arrow symbol
⬄	left right white arrow	arrow symbol
⬅	leftwards black arrow	arrow symbol
⬆	upwards black arrow	arrow symbol
⬇	downwards black arrow	arrow symbol
⬈	north east black arrow	arrow symbol
⬉	north west black arrow	arrow symbol
⬊	south east black arrow	arrow symbol
⬋	south west black arrow	arrow symbol
⬌	left right black arrow	arrow symbol
⬍	up down black arrow	arrow symbol
⬎	rightwards arrow with tip downwards	arrow symbol
⬏	rightwards arrow with tip upwards	arrow symbol
⬐	leftwards arrow with tip downwards	arrow symbol
⬑	leftwards arrow with tip upwards	arrow symbol
⬒	square with top half black	arrow symbol
⬓	square with bottom half black	arrow symbol
⬔	square with upper right diagonal half black	arrow symbol
⬕	square with lower left diagonal half black	arrow symbol
⬖	diamond with left half black	arrow symbol
⬗	diamond with right half black	arrow symbol
⬘	diamond with top half black	arrow symbol
⬙	diamond with bottom half black	arrow symbol
⬚	dotted square	arrow symbol
⬝	black very small square	arrow symbol
⬞	white very small square	arrow symbol
⬟	black pentagon	arrow symbol
⬠	white pentagon	arrow symbol
⬡	white hexagon	arrow symbol
⬢	black hexagon	arrow symbol
⬣	horizontal black hexagon	arrow symbol
⬤	black large circle	arrow symbol
⬥	black medium diamond	arrow symbol
⬦	white medium diamond	arrow symbol
⬧	black medium lozenge	arrow symbol
⬨	white medium lozenge	arrow symbol
⬩	black small diamond	arrow symbol
⬪	black small lozenge	arrow symbol
⬫	white small lozenge	arrow symbol
⬬	black horizontal ellipse	arrow symbol
⬭	white horizontal ellipse	arrow symbol
⬮	black vertical ellipse	arrow symbol
⬯	white vertical ellipse	arrow symbol
⬰	left arrow with small circle	arrow symbol
⬱	three leftwards arrows	arrow symbol
⬲	left arrow with circled plus	arrow symbol
⬳	long leftwards squiggle arrow	arrow symbol
⬴	leftwards two-headed arrow with vertical stroke	arrow symbol
⬵	leftwards two-headed arrow with double vertical stroke	arrow symbol
⬶	leftwards two-headed arrow from bar	arrow symbol
⬷	leftwards two-headed triple dash arrow	arrow symbol
⬸	leftwards arrow with dotted stem	arrow symbol
⬹	leftwards arrow with tail with vertical stroke	arrow symbol
⬺	leftwards arrow with tail with double vertical stroke	arrow symbol
⬻	leftwards two-headed arrow with tail	arrow symbol
⬼	leftwards two-headed arrow with tail with vertical stroke	arrow symbol
⬽	leftwards two-headed arrow with tail with double vertical stroke	arrow symbol
⬾	leftwards arrow through x	arrow symbol
⬿	wave arrow pointing directly left	arrow symbol
⭀	equals sign above leftwards arrow	arrow symbol
⭁	reverse tilde operator above leftwards arrow	arrow symbol
⭂	leftwards arrow above reverse almost equal to	arrow symbol
⭃	rightwards arrow through greater-than	arrow symbol
⭄	rightwards arrow through superset	arrow symbol
⭅	leftwards quadruple arrow	arrow symbol
⭆	rightwards quadruple arrow	arrow symbol
⭇	reverse tilde operator above rightwards arrow	arrow symbol
⭈	rightwards arrow above reverse almost equal to	arrow symbol
⭉	tilde operator above leftwards arrow	arrow symbol
⭊	leftwards arrow above almost equal to	arrow symbol
⭋	leftwards arrow above reverse tilde operator	arrow symbol
⭌	rightwards arrow above reverse tilde operator	arrow symbol
⭍	downwards triangle-headed zigzag arrow	arrow symbol
⭎	short slanted north arrow	arrow symbol
⭏	short backslanted south arrow	arrow symbol
⭑	black small star	arrow symbol
⭒	white small star	arrow symbol
⭓	black right-pointing pentagon	arrow symbol
⭔	white right-pointing pentagon	arrow symbol
⭖	heavy oval with oval inside	arrow symbol
⭗	heavy circle with circle inside	arrow symbol
⭘	heavy circle	arrow symbol
⭙	heavy circled saltire	arrow symbol
⭚	slanted north arrow with hooked head	arrow symbol
⭛	backslanted south arrow with hooked tail	arrow symbol
⭜	slanted north arrow with horizontal tail	arrow symbol
⭝	backslanted south arrow with horizontal tail	arrow symbol
⭞	bent arrow pointing downwards then north east	arrow symbol
⭟	short bent arrow pointing downwards then north east	arrow symbol
⭠	leftwards triangle-headed arrow	arrow symbol
⭡	upwards triangle-headed arrow	arrow symbol
⭢	rightwards triangle-headed arrow	arrow symbol
⭣	downwards triangle-headed arrow	arrow symbol
⭤	left right triangle-headed arrow	arrow symbol
⭥	up down triangle-headed arrow	arrow symbol
⭦	north west triangle-headed arrow	arrow symbol
⭧	north east triangle-headed arrow	arrow symbol
⭨	south east triangle-headed arrow	arrow symbol
⭩	south west triangle-headed arrow	arrow symbol
⭪	leftwards triangle-headed dashed arrow	arrow symbol
⭫	upwards triangle-headed dashed arrow	arrow symbol
⭬	rightwards triangle-headed dashed arrow	arrow symbol
⭭	downwards triangle-headed dashed arrow	arrow symbol
⭮	clockwise triangle-headed open circle arrow	arrow symbol
⭯	anticlockwise triangle-headed open circle arrow	arrow symbol
⭰	leftwards triangle-headed arrow to bar	arrow symbol
⭱	upwards triangle-headed arrow to bar	arrow symbol
⭲	rightwards triangle-headed arrow to bar	arrow symbol
⭳	downwards triangle-headed arrow to bar	arrow symbol
⭶	north west triangle-headed arrow to bar	arrow symbol
⭷	north east triangle-headed arrow to bar	arrow symbol
⭸	south east triangle-headed arrow to bar	arrow symbol
⭹	south west triangle-headed arrow to bar	arrow symbol
⭺	leftwards triangle-headed arrow with double horizontal stroke	arrow symbol
⭻	upwards triangle-headed arrow with double horizontal stroke	arrow symbol
⭼	rightwards triangle-headed arrow with double horizontal stroke	arrow symbol
⭽	downwards triangle-headed arrow with double horizontal stroke	arrow symbol
⭾	horizontal tab key	arrow symbol
⭿	vertical tab key	arrow symbol
⮀	leftwards triangle-headed arrow over rightwards triangle-headed arrow	arrow symbol
⮁	upwards triangle-headed arrow leftwards of downwards triangle-headed arrow	arrow symbol
⮂	rightwards triangle-headed arrow over leftwards triangle-headed arrow	arrow symbol
⮃	downwards triangle-headed arrow leftwards of upwards triangle-headed arrow	arrow symbol
⮄	leftwards triangle-headed paired arrows	arrow symbol
⮅	upwards triangle-headed paired arrows	arrow symbol
⮆	rightwards triangle-headed paired arrows	arrow symbol
⮇	downwards triangle-headed paired arrows	arrow symbol
⮈	leftwards black circled white arrow	arrow symbol
⮉	upwards black circled white arrow	arrow symbol
⮊	rightwards black circled white arrow	arrow symbol
⮋	downwards black circled white arrow	arrow symbol
⮌	anticlockwise triangle-headed right u-shaped arrow	arrow symbol
⮍	anticlockwise triangle-headed bottom u-shaped arrow	arrow symbol
⮎	anticlockwise triangle-headed left u-shaped arrow	arrow symbol
⮏	anticlockwise triangle-headed top u-shaped arrow	arrow symbol
⮐	return left	arrow symbol
⮑	return right	arrow symbol
⮒	newline left	arrow symbol
⮓	newline right	arrow symbol
⮔	four corner arrows circling anticlockwise	arrow symbol
⮕	rightwards black arrow	arrow symbol
⮗	symbol for type a electronics	arrow symbol
⮘	three-d top-lighted leftwards equilateral arrowhead	arrow symbol
⮙	three-d right-lighted upwards equilateral arrowhead	arrow symbol
⮚	three-d top-lighted rightwards equilateral arrowhead	arrow symbol
⮛	three-d left-lighted downwards equilateral arrowhead	arrow symbol
⮜	black leftwards equilateral arrowhead	arrow symbol
⮝	black upwards equilateral arrowhead	arrow symbol
⮞	black rightwards equilateral arrowhead	arrow symbol
⮟	black downwards equilateral arrowhead	arrow symbol
⮠	downwards triangle-headed arrow with long tip leftwards	arrow symbol
⮡	downwards triangle-headed arrow with long tip rightwards	arrow symbol
⮢	upwards triangle-headed arrow with long tip leftwards	arrow symbol
⮣	upwards triangle-headed arrow with long tip rightwards	arrow symbol
⮤	leftwards triangle-headed arrow with long tip upwards	arrow symbol
⮥	rightwards triangle-headed arrow with long tip upwards	arrow symbol
⮦	leftwards triangle-headed arrow with long tip downwards	arrow symbol
⮧	rightwards triangle-headed arrow with long tip downwards	arrow symbol
⮨	black curved downwards and leftwards arrow	arrow symbol
⮩	black curved downwards and rightwards arrow	arrow symbol
⮪	black curved upwards and leftwards arrow	arrow symbol
⮫	black curved upwards and rightwards arrow	arrow symbol
⮬	black curved leftwards and upwards arrow	arrow symbol
⮭	black curved rightwards and upwards arrow	arrow symbol
⮮	black curved leftwards and downwards arrow	arrow symbol
⮯	black curved rightwards and downwards arrow	arrow symbol
⮰	ribbon arrow down left	arrow symbol
⮱	ribbon arrow down right	arrow symbol
⮲	ribbon arrow up left	arrow symbol
⮳	ribbon arrow up right	arrow symbol
⮴	ribbon arrow left up	arrow symbol
⮵	ribbon arrow right up	arrow symbol
⮶	ribbon arrow left down	arrow symbol
⮷	ribbon arrow right down	arrow symbol
⮸	upwards white arrow from bar with horizontal bar	arrow symbol
⮹	up arrowhead in a rectangle box	arrow symbol
⮺	overlapping white squares	arrow symbol
⮻	overlapping white and black squares	arrow symbol
⮼	overlapping black squares	arrow symbol
⮽	ballot box with light x	arrow symbol
⮾	circled x	arrow symbol
⮿	circled bold x	arrow symbol
⯀	black square centred	arrow symbol
⯁	black diamond centred	arrow symbol
⯂	turned black pentagon	arrow symbol
⯃	horizontal black octagon	arrow symbol
⯄	black octagon	arrow symbol
⯅	black medium up-pointing triangle centred	arrow symbol
⯆	black medium down-pointing triangle centred	arrow symbol
⯇	black medium left-pointing triangle centred	arrow symbol
⯈	black medium right-pointing triangle centred	arrow symbol
⯉	neptune form two	arrow symbol
⯊	top half black circle	arrow symbol
⯋	bottom half black circle	arrow symbol
⯌	light four pointed black cusp	arrow symbol
⯍	rotated light four pointed black cusp	arrow symbol
⯎	white four pointed cusp	arrow symbol
⯏	rotated white four pointed cusp	arrow symbol
⯐	square position indicator	arrow symbol
⯑	uncertainty sign	arrow symbol
⯒	group mark	arrow symbol
⯓	pluto form two	arrow symbol
⯔	pluto form three	arrow symbol
⯕	pluto form four	arrow symbol
⯖	pluto form five	arrow symbol
⯗	transpluto	arrow symbol
⯘	proserpina	arrow symbol
⯙	astraea	arrow symbol
⯚	hygiea	arrow symbol
⯛	pholus	arrow symbol
⯜	nessus	arrow symbol
⯝	white moon selena	arrow symbol
⯞	black diamond on cross	arrow symbol
⯟	true light moon arta	arrow symbol
⯠	cupido	arrow symbol
⯡	hades	arrow symbol
⯢	zeus	arrow symbol
⯣	kronos	arrow symbol
⯤	apollon	arrow symbol
⯥	admetos	arrow symbol
⯦	vulcanus	arrow symbol
⯧	poseidon	arrow symbol
⯨	left half black star	arrow symbol
⯩	right half black star	arrow symbol
⯪	star with left half black	arrow symbol
⯫	star with right half black	arrow symbol
⯬	leftwards two-headed arrow with triangle arrowheads	arrow symbol
⯭	upwards two-headed arrow with triangle arrowheads	arrow symbol
⯮	rightwards two-headed arrow with triangle arrowheads	arrow symbol
⯯	downwards two-headed arrow with triangle arrowheads	arrow symbol
⯰	eris form one	arrow symbol
⯱	eris form two	arrow symbol
⯲	sedna	arrow symbol
⯳	russian astrological symbol vigintile	arrow symbol
⯴	russian astrological symbol novile	arrow symbol
⯵	russian astrological symbol quintile	arrow symbol
⯶	russian astrological symbol binovile	arrow symbol
⯷	russian astrological symbol sentagon	arrow symbol
⯸	russian astrological symbol tredecile	arrow symbol
⯹	equals sign with infinity below	arrow symbol
⯺	united symbol	arrow symbol
⯻	separated symbol	arrow symbol
⯼	doubled symbol	arrow symbol
⯽	passed symbol	arrow symbol
⯾	reversed right angle	arrow symbol
⯿	hellschreiber pause symbol	arrow symbol
‐	hyphen	punctuation
‑	non-breaking hyphen	punctuation
‒	figure dash	punctuation
–	en dash	punctuation
—	em dash	punctuation
―	horizontal bar	punctuation
‖	double vertical line	punctuation
‗	double low line	punctuation
‘	left single quotation mark	punctuation
’	right single quotation mark	punctuation
‚	single low-9 quotation mark	punctuation
‛	single high-reversed-9 quotation mark	punctuation
“	left double quotation mark	punctuation
”	right double quotation mark	punctuation
„	double low-9 quotation mark	punctuation
‟	double high-reversed-9 quotation mark	punctuation
†	dagger	punctuation
‡	double dagger	punctuation
•	bullet	punctuation
‣	triangular bullet	punctuation
․	one dot leader	punctuation
‥	two dot leader	punctuation
…	horizontal ellipsis	punctuation
‧	hyphenation point	punctuation
 	line separator	punctuation
 	paragraph separator	punctuation
‰	per mille sign	punctuation
‱	per ten thousand sign	punctuation
′	prime	punctuation
″	double prime	punctuation
‴	triple prime	punctuation
‵	reversed prime	punctuation
‶	reversed double prime	punctuation
‷	reversed triple prime	punctuation
‸	caret	punctuation
‹	single left-pointing angle quotation mark	punctuation
›	single right-pointing angle quotation mark	punctuation
※	reference mark	punctuation
‼	double exclamation mark	punctuation
‽	interrobang	punctuation
‾	overline	punctuation
‿	undertie	punctuation
⁀	character tie	punctuation
⁁	caret insertion point	punctuation
⁂	asterism	punctuation
⁃	hyphen bullet	punctuation
⁄	fraction slash	punctuation
⁅	left square bracket with quill	punctuation
⁆	right square bracket with quill	punctuation
⁇	double question mark	punctuation
⁈	question exclamation mark	punctuation
⁉	exclamation question mark	punctuation
⁊	tironian sign et	punctuation
⁋	reversed pilcrow sign	punctuation
⁌	black leftwards bullet	punctuation
⁍	black rightwards bullet	punctuation
⁎	low asterisk	punctuation
⁏	reversed semicolon	punctuation
⁐	close up	punctuation
⁑	two asterisks aligned vertically	punctuation
⁒	commercial minus sign	punctuation
⁓	swung dash	punctuation
⁔	inverted undertie	punctuation
⁕	flower punctuation mark	punctuation
⁖	three dot punctuation	punctuation
⁗	quadruple prime	punctuation
⁘	four dot punctuation	punctuation
⁙	five dot punctuation	punctuation
⁚	two dot punctuation	punctuation
⁛	four dot mark	punctuation
⁜	dotted cross	punctuation
⁝	tricolon	punctuation
⁞	vertical four dots	punctuation
¡	inverted exclamation mark	latin symbol
¢	cent sign	latin symbol
£	pound sign	latin symbol
¤	currency sign	latin symbol
¥	yen sign	latin symbol
¦	broken bar	latin symbol
§	section sign	latin symbol
¨	diaeresis	latin symbol
©	copyright sign	latin symbol
«	left-pointing double angle quotation mark	latin symbol
¬	not sign	latin symbol
®	registered sign	latin symbol
¯	macron	latin symbol
°	degree sign	latin symbol
±	plus-minus sign	latin symbol
²	superscript two	latin symbol
³	superscript three	latin symbol
´	acute accent	latin symbol
¶	pilcrow sign	latin symbol
·	middle dot	latin symbol
¸	cedilla	latin symbol
¹	superscript one	latin symbol
»	right-pointing double angle quotation mark	latin symbol
¼	vulgar fraction one quarter	latin symbol
½	vulgar fraction one half	latin symbol
¾	vulgar fraction three quarters	latin symbol
¿	inverted question mark	latin symbol
×	multiplication sign	latin symbol
÷	division sign	latin symbol
